Chromosome,Start_BP_,End_BP_,Index_SNP_dbSNP_b141_,A1,A2,OR,SE,P_value,CLOZUK_MAF,CLOZUK_INFO,CLOZUK_OR,CLOZUK_SE,CLOZUK_P_value,INDEPENDENT_PGC_MAF,INDEPENDENT_PGC_INFO,INDEPENDENT_PGC_OR,INDEPENDENT_PGC_SE,INDEPENDENT_PGC_P_value,Heterogeneity_Q,Heterogeneity_P_value,Number_of_SNPs,Length_KB_,Gene_s_tagged,snp_chr,snp_pos_hg19,snp_pos_hg38,coordsource
6,24988105,33842877,rs3130820,T,A,1.281,0.018,2.12E-44,0.111,0.986,1.334,0.028,2.60E-25,0.088,0.787,1.245,0.023,1.34E-21,3.644,0.056,12997,8854.772,xMHC,6,29206683,29238906,genotype_data
12,2285731,2440464,rs2007044,A,G,0.915,0.01,5.63E-20,0.401,1,0.904,0.017,1.81E-09,0.382,0.989,0.921,0.012,3.93E-12,0.752,0.386,143,154.734,CACNA1C; CACNA1C-AS4; CACNA1C-IT3,12,2344960,2235794,genotype_data
7,1851205,2343621,rs10650434,A,ACT,0.918,0.01,1.10E-18,0.436,0.98,1.106,0.017,2.19E-09,0.413,1,1.081,0.012,4.15E-11,0,1,594,492.417,FTSJ2; MAD1L1; MIR4655; MIR6836; NUDT1; SNX8,7,2025096,1985461,genotype_data
1,98036832,98651527,rs2660304,G,T,0.897,0.012,2.18E-18,0.185,0.988,0.911,0.022,1.52E-05,0.186,0.994,0.891,0.015,1.96E-14,0.681,0.409,395,614.696,DPYD; DPYD-AS2; MIR137; MIR137HG; MIR2682,1,98512127,98046571,genotype_data
10,104229588,105274900,rs12416331,T,A,1.157,0.017,7.09E-18,0.074,0.96,1.149,0.033,2.30E-05,0.101,0.999,1.159,0.02,5.77E-14,0.053,0.818,459,1045.31,ACTR1A; ARL3; AS3MT; C10orf32; C10orf32-ASMT; CALHM1; CALHM2; CALHM3; CNNM2; CYP17A1; INA; MIR1307; NEURL1; NT5C2; PCGF6; PDCD11; RPEL1; SFXN2; SUFU; TAF5; TMEM180; TRIM8; USMG5; WBP1L,10,104928914,103169157,genotype_data
8,143267749,143410423,rs58033671,A,ACCCCTGCACGCCCG,1.087,0.01,8.65E-18,0.465,0.978,0.906,0.017,3.62E-09,0.456,0.934,0.927,0.012,2.61E-10,0,1,167,142.675,LINC00051; TSNARE1,8,NA,NA,manual
2,200536068,201309547,rs2949006,T,G,1.105,0.012,3.69E-17,0.204,0.976,1.107,0.021,7.10E-07,0.196,0.987,1.105,0.015,1.13E-11,0.008,0.929,359,773.48,C2orf47; C2orf69; FTCDNL1; SPATS2L; TYW5,2,200715388,199850665,genotype_data
20,37277618,37512698,rs6065094,A,G,0.918,0.01,7.91E-17,0.32,0.979,0.914,0.018,6.38E-07,0.316,1,0.92,0.012,2.33E-11,0.088,0.767,249,235.081,ACTR5; ARHGAP40; PPP1R16B; SLC32A1,20,37453194,38824551,genotype_data
4,102547366,103388441,rs13107325,C,T,0.852,0.019,1.19E-16,0.081,0.891,0.85,0.031,2.23E-07,0.07,0.934,0.854,0.024,9.50E-11,0.016,0.899,87,841.076,BANK1; SLC39A8,4,103188709,102267552,genotype_data
2,233550961,233814878,rs4144797,T,C,1.085,0.01,4.33E-16,0.361,0.983,1.093,0.017,2.44E-07,0.345,0.962,1.081,0.012,2.95E-10,0.27,0.603,301,263.918,C2orf82; GIGYF2; KCNJ13; NGEF,2,233562197,232697487,genotype_data
12,123310521,123927262,rs2851447,G,C,1.091,0.011,5.55E-16,0.246,0.985,1.084,0.019,2.37E-05,0.268,0.995,1.094,0.013,5.24E-12,0.15,0.699,619,616.742,ABCB9; ARL6IP4; C12orf65; CCDC62; CDK2AP1; HIP1R; LOC100507091; MIR4304; MIR8072; MPHOSPH9; OGFOD2; PITPNM2; RILPL2; SBNO1; SETD8; VPS37B,12,123665113,123180566,manual
11,124583878,124653926,rs12293670,A,G,1.084,0.01,1.70E-15,0.333,1,1.092,0.018,4.98E-07,0.329,0.986,1.08,0.012,5.31E-10,0.284,0.594,60,70.049,ESAM; MSANTD2; NRGN; VSIG2,11,124612932,124743036,genotype_data
1,73264393,74115945,rs12129573,C,A,0.926,0.01,8.94E-15,0.348,0.992,0.907,0.017,1.48E-08,0.367,0.996,0.936,0.012,4.03E-08,2.333,0.127,1168,851.553,LOC101927295,1,73768366,73302683,genotype_data
22,42225018,42689370,rs6002655,C,T,0.928,0.01,2.15E-14,0.421,0.954,0.91,0.017,3.88E-08,0.451,0.95,0.936,0.012,3.87E-08,1.806,0.179,344,464.353,CENPM; CYP2D6; CYP2D7P; FAM109B; LINC00634; LOC388906; LOC101929829; MIR33A; NAGA; NDUFA6; NDUFA6-AS1; SEPT3; SHISA8; SMDT1; SREBF2; TCF20; TNFRSF13C; WBP2NL,22,42603814,42207808,genotype_data
12,110265586,111275317,rs4766428,C,T,0.927,0.01,2.68E-14,0.436,0.934,0.92,0.017,1.03E-06,0.484,0.94,0.93,0.012,3.83E-09,0.307,0.579,310,1009.73,ANAPC7; ANKRD13A; ARPC3; ATP2A2; C12orf76; FAM216A; GIT2; GLTP; GPN3; HVCN1; IFT81; MIR4497; PPP1CC; PPTC7; RAD9B; TCHP; TCTN1; TRPV4; VPS29,12,110723245,110285440,genotype_data
14,103849715,104537680,rs10083370,G,A,1.078,0.01,3.44E-14,0.414,0.874,1.086,0.018,3.45E-06,0.409,0.973,1.074,0.012,1.66E-09,0.27,0.603,492,687.966,APOPT1; BAG5; C14orf2; CKB; KLC1; LINC00637; MARK3; PPP1R13B; RD3L; TDRD9; TRMT61A; XRCC3; ZFYVE21,14,104314182,103847845,genotype_data
7,85924492,86580674,rs12704290,G,A,1.121,0.015,3.57E-14,0.112,0.956,1.155,0.027,1.45E-07,0.119,0.991,1.106,0.018,2.02E-08,1.721,0.19,82,656.183,GRM3; KIAA1324L,7,86427626,86798310,genotype_data
5,59911693,60847272,rs7701440,T,C,0.93,0.01,3.72E-14,0.497,0.989,0.93,0.017,1.11E-05,0.469,0.999,0.93,0.012,6.74E-10,0.002,0.965,387,935.58,CTC-436P18.1; DEPDC1B; ELOVL7; ERCC8; NDUFAF2; SMIM15; ZSWIM6,5,60620980,61325153,genotype_data
18,52716306,52827668,rs5825114,G,GA,0.93,0.01,5.03E-14,0.406,0.998,0.929,0.017,1.19E-05,0.427,0.99,0.93,0.012,8.65E-10,0,1,89,111.363,LOC101927229,18,52749216,55081985,genotype_data
11,133792743,133853694,rs4936215,A,G,1.096,0.012,5.32E-14,0.212,0.927,1.093,0.021,2.84E-05,0.209,0.942,1.097,0.015,3.76E-10,0.023,0.879,69,60.952,IGSF9B,11,133852684,133982789,genotype_data
11,46227161,47371598,rs7951870,T,C,0.911,0.013,2.99E-13,0.172,0.98,0.902,0.022,2.56E-06,0.161,0.993,0.915,0.016,2.09E-08,0.282,0.596,346,1144.44,ACP2; AMBRA1; ARFGAP2; ARHGAP1; ATG13; C11orf49; CHRM4; CKAP5; CREB3L1; DDB2; DGKZ; F2; HARBI1; LRP4; LRP4-AS1; MADD; MDK; MIR3160-1; MIR3160-2; MIR4688; MIR5582; MIR6745; MYBPC3; NR1H3; PACSIN3; SNORD67; ZNF408,11,46373311,46351761,manual
2,198144002,198954774,rs6434928,G,A,1.076,0.01,3.62E-13,0.336,0.996,1.072,0.017,6.46E-05,0.363,0.956,1.078,0.012,1.44E-09,0.057,0.812,668,810.773,ANKRD44; ANKRD44-IT1; BOLL; COQ10B; HSPD1; HSPE1; HSPE1-MOB4; MARS2; MOB4; PLCL1; RFTN2; SF3B1,2,198304577,197439853,genotype_data
18,53183396,53477819,rs28758902,C,T,0.934,0.01,4.75E-13,0.436,0.998,0.941,0.017,0.000248,0.448,0.998,0.93,0.012,4.31E-10,0.333,0.564,147,294.424,TCF4,18,53408187,55740956,genotype_data
10,18601928,18968668,rs7893279,T,G,1.118,0.015,4.80E-13,0.114,0.985,1.092,0.027,0.000851,0.106,1,1.131,0.019,6.90E-11,1.143,0.285,150,366.741,ARL5B; CACNB2; NSUN6,10,18745105,18456176,genotype_data
18,53022896,53630222,rs144158419,C,T,1.142,0.018,5.03E-13,0.083,0.92,1.184,0.032,1.69E-07,0.075,0.955,1.123,0.022,2.35E-07,1.817,0.178,93,607.327,LOC101927273; MIR4529; TCF4,18,53554733,55887502,genotype_data
16,29923510,30177807,rs11646127,G,C,1.073,0.01,5.52E-13,0.459,0.952,1.094,0.017,1.40E-07,0.438,0.945,1.063,0.012,2.98E-07,1.845,0.174,174,254.298,ALDOA; C16orf92; DOC2A; FAM57B; GDPD3; HIRIP3; INO80E; KCTD13; MAPK3; PPP4C; TAOK2; TBX6; TMEM219; YPEL3,16,29966277,29954956,genotype_data
22,41027819,42386534,rs9607782,T,A,0.922,0.011,5.54E-13,0.262,0.973,0.916,0.019,3.48E-06,0.235,0.943,0.925,0.014,3.20E-08,0.19,0.663,218,1358.72,ACO2; C22orf46; CCDC134; CENPM; CHADL; CSDC2; DESI1; DNAJB7; EP300; EP300-AS1; L3MBTL2; LINC00634; MCHR1; MEI1; MIR33A; MIR1281; MIR4766; MIR6889; MKL1; NHP2L1; PHF5A; PMM1; POLR3H; RANGAP1; RBX1; SEPT3; SHISA8; SLC25A17; SREBF2; ST13; TEF; TNFRSF13C; TOB2; XPNPEP3; XRCC6; ZC3H7B,22,41587556,41191552,genotype_data
6,83967454,84414411,rs217287,C,T,1.072,0.01,9.53E-13,0.436,0.98,1.089,0.017,4.37E-07,0.436,0.972,1.063,0.012,2.36E-07,1.353,0.245,427,446.958,ME1; PRSS35; SNAP91,6,84407466,83697747,genotype_data
X,68377126,68377205,rs62606711,A,G,1.075,0.01,1.26E-12,0.272,1.509,1.1,0.018,8.26E-08,0.219,1.28,1.063,0.012,9.82E-07,2.516,0.113,4,0.079,PJA1,X,68377204,69157361,manual
22,39866938,40058186,rs5757730,A,G,0.931,0.01,1.76E-12,0.498,0.87,0.924,0.018,6.83E-06,0.433,0.94,0.935,0.012,4.90E-08,0.33,0.566,132,191.249,ATF4; CACNA1I; MGAT3; MIEF1; RPS19BP1,22,39967430,39571425,manual
2,57941185,58500141,rs7596038,C,T,1.07,0.01,2.37E-12,0.428,1,1.05,0.017,0.00369,0.429,0.994,1.079,0.012,6.82E-11,1.884,0.17,383,558.957,FANCL; VRK2,2,58383820,58156685,genotype_data
3,2428745,2582549,rs35346733,C,T,1.075,0.01,2.42E-12,0.344,0.985,1.1,0.018,6.97E-08,0.307,0.991,1.063,0.013,2.05E-06,0.028,0.868,200,153.805,CNTN4,3,2521322,2479638,genotype_data
11,113299829,113448762,rs2514218,G,A,0.917,0.012,2.42E-12,0.198,0.981,0.914,0.021,1.49E-05,0.178,0.939,0.918,0.016,3.72E-08,2.477,0.116,68,148.934,DRD2; MIR4301,11,113392994,113522272,genotype_data
15,91402803,91437388,rs17514846,A,C,0.934,0.01,2.55E-12,0.465,0.998,0.931,0.017,1.82E-05,0.432,0.946,0.935,0.012,3.02E-08,0.028,0.867,38,34.586,FES; FURIN,15,91416550,90873320,genotype_data
3,52217088,53281183,rs1080500,G,A,1.075,0.01,2.71E-12,0.334,0.912,1.093,0.018,1.26E-06,0.346,0.944,1.067,0.013,2.58E-07,1.233,0.267,776,1064.1,ALAS1; BAP1; DNAH1; GLT8D1; GLYCTK; GNL3; ITIH1; ITIH3; ITIH4; MIR135A1; MIR8064; MIRLET7G; MUSTN1; NEK4; NISCH; NT5DC2; PBRM1; PHF7; PPM1M; PRKCD; RFT1; SEMA3G; SFMBT1; SMIM4; SNORD19; SNORD19B; SNORD69; SPCS1; STAB1; TKT; TLR9; TMEM110; TMEM110-MUSTN1; TNNC1; TWF2; WDR82,3,53175017,53141001,genotype_data
15,78711803,79021464,rs3743078,C,G,0.925,0.011,3.11E-12,0.227,0.997,0.948,0.02,0.00737,0.28,1,0.914,0.014,4.32E-11,2.362,0.124,235,309.662,CHRNA3; CHRNA5; CHRNB4; HYKK; IREB2; PSMA4,15,78894759,78602417,genotype_data
3,180524764,181245320,rs34796896,G,A,1.087,0.012,3.19E-12,0.199,0.975,1.081,0.021,0.000241,0.202,0.987,1.09,0.015,3.22E-09,0.11,0.74,321,720.557,DNAJC19; FXR1; LOC101928882; SOX2-OT,3,180623255,180905467,genotype_data
10,104613089,105218254,rs7476192,T,G,1.075,0.01,3.77E-12,0.33,0.917,1.047,0.018,0.0124,0.357,0.912,1.089,0.013,1.61E-11,3.101,0.078,31,605.166,AS3MT; C10orf32; C10orf32-ASMT; CALHM1; CALHM2; CNNM2; INA; MIR1307; NT5C2; PCGF6; PDCD11; RPEL1; TAF5; USMG5,10,104649375,102889618,manual
3,135669219,136752653,rs7432375,G,A,0.923,0.012,4.07E-12,0.392,1,1.047,0.017,0.00713,0.446,0.988,1.082,0.012,3.61E-11,2.62,0.106,564,1083.44,IL20RB; MSL2; NCK1; NCK1-AS1; PCCB; PPP2R3A; SLC35G2; STAG1,3,136288405,136569563,genotype_data
8,111460027,112015011,rs36043959,G,A,1.07,0.01,4.07E-12,0.226,1,0.924,0.02,4.60E-05,0.2,0.988,0.922,0.014,2.27E-08,0.003,0.957,193,554.985,none,8,111472014,110459785,genotype_data
2,199776050,200305460,rs1451488,A,G,0.935,0.01,4.75E-12,0.436,0.957,0.92,0.017,8.93E-07,0.451,0.981,0.943,0.012,5.34E-07,1.404,0.236,235,529.411,SATB2,2,199990107,199125384,genotype_data
1,30411185,30516776,rs6694545,A,G,1.08,0.011,6.20E-12,0.244,0.978,1.079,0.019,8.05E-05,0.239,0.975,1.08,0.014,1.76E-08,0.001,0.97,95,105.592,LOC101929406,1,30437268,29964421,manual
19,19331847,19800987,rs2905432,G,A,1.071,0.01,6.62E-12,0.358,0.967,1.084,0.017,3.59E-06,0.368,0.958,1.065,0.012,2.92E-07,0.73,0.393,414,469.141,ATP13A1; CILP2; GATAD2A; GMIP; HAPLN4; LPAR2; MAU2; NCAN; NDUFA13; PBX4; SUGP1; TM6SF2; TSSK6; YJEFN3; ZNF101,19,19484295,19373486,genotype_data
1,2368232,2402499,rs4648845,C,T,0.926,0.011,6.74E-12,0.498,0.635,0.934,0.021,0.000894,0.464,0.796,0.924,0.013,1.90E-09,0.193,0.66,47,34.268,none,1,2387101,2455662,manual
8,27319905,27470778,rs11783093,C,T,1.098,0.014,7.64E-12,0.155,1,1.138,0.023,2.48E-08,0.151,0.99,1.077,0.017,1.05E-05,3.697,0.055,77,150.874,CHRNA2; CLU; EPHX2; MIR6843,8,27425349,27567832,genotype_data
5,151887779,152360494,rs111294930,A,G,1.086,0.012,9.04E-12,0.291,0.958,1.076,0.019,8.99E-05,0.214,0.823,1.093,0.016,1.99E-08,0.403,0.525,438,472.716,LOC101927134,5,152177121,152797561,genotype_data
4,176795426,176973267,rs62334820,C,T,0.922,0.012,9.60E-12,0.21,0.983,0.916,0.02,1.60E-05,0.194,0.977,0.925,0.015,1.32E-07,0.147,0.702,90,177.842,GPM6A,4,176855221,175934070,genotype_data
2,146363633,146441828,rs56807175,T,TC,0.916,0.013,1.36E-11,0.189,0.832,1.098,0.023,4.58E-05,0.165,0.977,1.089,0.016,5.86E-08,0,1,34,78.196,none,2,146436222,145678654,genotype_data
1,43793214,44480093,rs2970610,T,C,1.07,0.01,1.39E-11,0.329,0.972,1.059,0.018,0.00127,0.33,1,1.076,0.012,2.58E-09,0.545,0.461,367,686.88,ARTN; ATP6V0B; B4GALT2; CCDC24; CDC20; DPH2; ELOVL1; HYI; IPO13; KDM4A; KDM4A-AS1; MED8; MIR6079; MIR6734; MIR6735; MPL; PTPRF; SLC6A9; ST3GAL3; SZT2,1,44097530,43631859,genotype_data
18,52704850,53601811,rs79926379,A,G,0.845,0.025,1.61E-11,0.037,0.965,0.817,0.043,3.28E-06,0.04,0.984,0.859,0.031,7.34E-07,0.867,0.352,115,896.962,LOC101927229; LOC101927273; MIR4529; TCF4,18,53009097,55341866,manual
5,87407727,88871993,rs16867576,A,G,1.106,0.015,1.65E-11,0.134,0.96,1.11,0.025,3.03E-05,0.112,0.942,1.104,0.019,1.29E-07,0.035,0.853,61,1464.27,LINC00461; LOC102546226; MEF2C; MEF2C-AS1; MIR9-2; TMEM161B; TMEM161B-AS1,5,88746331,89450514,genotype_data
11,130706918,130894699,rs35774874,T,C,1.071,0.01,1.97E-11,0.486,0.778,1.085,0.019,1.33E-05,0.447,0.885,1.066,0.012,2.64E-07,0.646,0.422,288,187.782,SNX19,11,130811356,130941461,genotype_data
22,41733262,42690311,rs1023497,C,G,1.085,0.012,2.04E-11,0.198,0.984,1.131,0.021,6.04E-09,0.186,1,1.063,0.015,4.33E-05,5.829,0.016,157,957.05,ACO2; C22orf46; CCDC134; CENPM; CSDC2; CYP2D6; CYP2D7P; DESI1; FAM109B; LINC00634; LOC388906; LOC101929829; MEI1; MIR33A; NAGA; NDUFA6; NDUFA6-AS1; NHP2L1; PHF5A; PMM1; POLR3H; SEPT3; SHISA8; SMDT1; SREBF2; TCF20; TEF; TNFRSF13C; TOB2; WBP2NL; XRCC6; ZC3H7B,22,42340508,41944504,genotype_data
12,57569478,57836098,rs61937595,C,T,1.133,0.019,3.28E-11,0.093,0.827,1.184,0.032,1.26E-07,0.086,0.773,1.107,0.023,1.33E-05,2.898,0.089,25,266.621,INHBC; LRP1; MIR1228; NDUFA4L2; NXPH4; R3HDM2; SHMT2; STAC3,12,57682956,57289173,genotype_data
8,60475926,61117903,rs1473594,T,C,1.066,0.01,3.33E-11,0.404,1,1.062,0.017,0.000326,0.406,1,1.068,0.012,2.09E-08,0.076,0.783,453,641.978,CA8,8,60696526,59783967,genotype_data
5,152505453,152785000,rs2910032,C,T,1.065,0.01,3.72E-11,0.493,0.986,1.062,0.017,0.000295,0.452,1,1.067,0.012,3.03E-08,0.052,0.819,198,279.548,none,5,152540354,153160794,genotype_data
19,50067508,50182697,rs7508148,T,C,1.08,0.012,4.06E-11,0.238,0.855,1.106,0.021,2.01E-06,0.251,0.92,1.069,0.014,1.66E-06,1.756,0.185,104,115.19,BCL2L12; IRF3; NOSIP; PRMT1; PRR12; PRRG2; RRAS; SCAF1,19,50152142,49648885,genotype_data
7,110737149,111236477,rs12705761,G,C,1.068,0.01,5.11E-11,0.357,0.968,1.075,0.018,3.91E-05,0.394,0.98,1.064,0.012,2.51E-07,0.216,0.642,141,499.329,IMMP2L; LRRN3,7,110976264,111336208,genotype_data
5,44642670,46405055,rs16902086,A,G,0.936,0.01,5.55E-11,0.338,0.986,0.949,0.018,0.003,0.358,0.962,0.93,0.012,3.36E-09,0.962,0.327,1338,1762.39,HCN1; LOC100506674; MRPS30,5,45285752,45285650,genotype_data
7,104471787,105064593,rs7789569,T,C,1.067,0.01,7.00E-11,0.359,0.998,1.076,0.017,1.80E-05,0.349,0.971,1.063,0.012,6.48E-07,0.351,0.554,360,592.807,KMT2E; KMT2E-AS1; LHFPL3; LHFPL3-AS2; LINC01004; SRPK2,7,104927586,105287139,genotype_data
7,137010589,137093743,rs3735025,T,C,1.067,0.01,7.02E-11,0.368,0.99,1.055,0.017,0.00199,0.35,0.999,1.073,0.012,7.27E-09,0.642,0.423,97,83.155,DGKI; PTN,7,137074844,137390098,genotype_data
9,84498152,85129970,rs1319017,G,A,0.936,0.01,7.82E-11,0.34,0.956,0.921,0.018,3.98E-06,0.349,0.976,0.943,0.013,2.85E-06,1.142,0.285,252,631.819,SPATA31D1; SPATA31D3; SPATA31D4; SPATA31D5P,9,84736303,82121388,genotype_data
3,36834099,36964583,rs75968099,C,T,0.936,0.01,9.41E-11,0.345,0.988,0.961,0.017,0.0229,0.331,0.981,0.924,0.013,2.34E-10,3.403,0.065,74,130.485,TRANK1,3,36858583,36817092,genotype_data
4,176717618,176756594,rs12498839,G,A,0.88,0.02,9.67E-11,0.061,0.974,0.822,0.034,9.45E-09,0.062,0.964,0.911,0.024,0.000116,5.942,0.015,35,38.977,GPM6A,4,176731401,175810250,genotype_data
3,63715318,64005452,rs704373,A,G,1.067,0.01,1.39E-10,0.316,0.991,1.087,0.018,2.87E-06,0.346,0.992,1.057,0.012,5.08E-06,1.584,0.208,112,290.135,ATXN7; C3orf49; PSMD6; PSMD6-AS2; THOC7; THOC7-AS1,3,63867355,63881679,genotype_data
12,57331741,57519694,rs324015,T,C,0.931,0.011,1.42E-10,0.229,1,0.914,0.02,6.36E-06,0.259,0.962,0.938,0.014,3.03E-06,1.161,0.281,20,187.954,GPR182; MYO1A; NAB2; RDH16; STAT6; TAC3; TMEM194A; ZBTB39,12,57490100,57096317,genotype_data
14,72382471,72467631,rs2332700,C,G,1.073,0.011,1.52E-10,0.251,1,1.08,0.019,4.21E-05,0.254,0.978,1.069,0.013,7.56E-07,0.227,0.634,98,85.161,RGS6,14,72417326,71950609,genotype_data
1,243614180,244025999,rs14403,C,T,1.077,0.012,1.71E-10,0.217,0.971,1.066,0.021,0.00171,0.216,1,1.082,0.014,2.17E-08,0.349,0.554,258,411.82,AKT3; SDCCAG8,1,243663893,243500591,genotype_data
X,5859733,6029533,rs12009217,A,G,0.937,0.01,1.78E-10,0.2,1.583,0.924,0.019,4.65E-05,0.194,1.49,0.942,0.012,6.50E-07,0.735,0.391,51,169.801,NLGN4X,X,5920882,6002841,genotype_data
19,30981639,31052274,rs2053079,A,G,0.932,0.011,1.82E-10,0.255,0.994,0.94,0.019,0.00116,0.234,0.987,0.927,0.014,3.53E-08,0.367,0.545,115,70.636,ZNF536,19,30987423,30496516,genotype_data
16,58538662,58734713,rs42945,A,G,0.939,0.01,2.25E-10,0.481,0.893,0.907,0.018,2.34E-08,0.411,0.975,0.954,0.012,0.000121,5.774,0.016,210,196.052,CNOT1; NDRG4; SETD6; SLC38A7; SNORA46; SNORA76A,16,58545426,58511522,genotype_data
11,132506523,132581442,rs2917569,T,C,1.063,0.01,3.11E-10,0.497,0.977,1.087,0.017,5.99E-07,0.459,0.955,1.051,0.012,2.95E-05,2.72,0.099,76,74.92,OPCML,11,132568255,132698360,genotype_data
6,73058954,73172294,rs1339227,C,T,1.065,0.01,3.76E-10,0.344,0.999,1.075,0.018,3.59E-05,0.363,0.98,1.06,0.012,1.83E-06,0.433,0.511,56,113.341,RIMS1,6,73155701,72445999,genotype_data
22,40043812,40091818,rs4820386,C,T,0.941,0.01,4.07E-10,0.458,0.99,0.945,0.017,0.00068,0.5,0.974,0.938,0.012,1.46E-07,0.121,0.728,30,48.007,CACNA1I,22,40068051,39672046,genotype_data
2,201113452,201333001,rs1347692,C,T,1.062,0.01,4.11E-10,0.465,0.957,1.085,0.017,1.60E-06,0.487,0.986,1.052,0.012,1.85E-05,2.221,0.136,75,219.55,SPATS2L,2,201297861,200433138,genotype_data
14,29999987,30300361,rs1191551,T,G,1.076,0.012,4.12E-10,0.227,0.995,1.1,0.02,1.25E-06,0.214,0.953,1.063,0.015,2.62E-05,1.951,0.163,201,300.375,MIR548AI; PRKD1,14,30000405,29531199,genotype_data
16,13673040,13763411,rs7499750,A,C,1.073,0.011,4.24E-10,0.229,0.981,1.059,0.02,0.00349,0.229,0.996,1.08,0.014,2.18E-08,0.656,0.418,95,90.372,none,16,13749265,13655408,genotype_data
17,2017029,2220814,rs7216638,T,A,1.067,0.01,4.59E-10,0.348,0.946,1.05,0.018,0.00597,0.315,0.96,1.075,0.013,1.29E-08,1.111,0.292,300,203.786,LOC101927839; SMG6; SRR,17,2156453,2253159,genotype_data
1,239166610,239298749,rs72769124,C,A,0.897,0.017,4.73E-10,0.102,0.909,0.865,0.028,2.21E-07,0.081,0.854,0.918,0.022,0.000122,2.798,0.094,40,132.14,none,1,239210058,239046758,genotype_data
14,29275791,29594625,rs10148671,T,C,0.939,0.01,5.46E-10,0.339,0.921,0.911,0.018,2.95E-07,0.372,0.999,0.952,0.012,5.17E-05,3.953,0.047,30,318.835,none,14,29469373,29000167,manual
5,151437972,152654479,rs79212538,G,T,0.868,0.023,5.55E-10,0.048,0.976,0.878,0.038,0.000634,0.048,0.965,0.863,0.028,2.22E-07,0.117,0.733,107,1216.51,CTB-12O2.1; LOC101927134; NMUR2,5,151993104,152613544,genotype_data
8,38014429,38316849,rs10156310,A,T,1.076,0.012,5.56E-10,0.23,1,1.086,0.02,3.13E-05,0.226,0.905,1.07,0.015,3.50E-06,0.351,0.554,210,302.421,BAG4; DDHD2; FGFR1; LETM2; LSM1; PPAPDC1B; WHSC1L1,8,38209129,38351611,genotype_data
1,190757036,191408693,rs28374258,T,A,0.929,0.012,6.35E-10,0.186,0.969,0.919,0.021,7.48E-05,0.205,0.998,0.934,0.014,1.77E-06,0.392,0.531,143,651.658,LOC440704,1,190949551,190980421,genotype_data
2,145120947,145214607,rs12991836,A,C,0.941,0.01,6.46E-10,0.357,1,0.929,0.017,1.58E-05,0.378,0.981,0.947,0.012,6.85E-06,0.874,0.35,21,93.661,ZEB2,2,145141541,144383974,genotype_data
1,149998923,151115887,rs140505938,C,T,1.087,0.014,6.50E-10,0.168,0.863,1.069,0.024,0.00547,0.157,0.992,1.096,0.016,2.35E-08,0.738,0.39,564,1116.96,ADAMTSL4; ADAMTSL4-AS1; ANP32E; ANXA9; APH1A; ARNT; BNIPL; C1orf54; C1orf56; CA14; CDC42SE1; CERS2; CIART; CTSK; CTSS; ECM1; ENSA; FAM63A; GABPB2; GOLPH3L; HORMAD1; LINC00568; MCL1; MIR4257; MIR6878; MLLT11; MRPS21; PLEKHO1; PRPF3; PRUNE; RPRD2; SEMA6C; SETDB1; TARS2; VPS45,1,150031490,150059494,genotype_data
5,137450345,137948140,rs13169274,T,C,0.942,0.01,7.06E-10,0.467,0.963,0.958,0.017,0.0114,0.476,0.986,0.934,0.012,9.17E-09,1.495,0.221,141,497.796,BRD8; CDC23; CDC25C; EGR1; ETF1; FAM53C; GFRA3; HSPA9; KDM3B; KIF20A; NME5; REEP2; SNORD63,5,137855305,138519616,genotype_data
7,85575489,87275389,rs147922658,T,TAAG,0.85,0.027,7.71E-10,0.037,0.976,0.807,0.046,2.72E-06,0.033,1,0.872,0.032,2.49E-05,0,1,213,1699.9,ABCB1; ABCB4; CROT; DMTF1; GRM3; KIAA1324L; RUNDC3B; TMEM243; TP53TG1,7,NA,NA,manual
19,11849736,11943697,rs72986630,C,T,0.869,0.023,8.09E-10,0.066,0.807,0.911,0.036,0.00997,0.059,0.692,0.843,0.029,6.06E-09,2.7,0.1,5,93.962,ZNF440; ZNF441; ZNF491; ZNF823,19,11849736,11738921,manual
15,82426170,83575025,rs783540,A,G,0.943,0.01,8.45E-10,0.392,1,0.96,0.017,0.0147,0.394,1,0.935,0.012,6.72E-09,1.658,0.198,268,1148.86,ADAMTS7P1; AP3B2; CPEB1; EFTUD1; FAM154B; FSD2; GOLGA6L9; GOLGA6L10; GOLGA6L17P; HOMER2; LOC80154; LOC283692; LOC283693; LOC338963; LOC727751; LOC102724034; RPS17; SCARNA15; SNHG21; UBE2Q2P2; WHAMM,15,83254708,82585958,genotype_data
15,84608488,85392298,rs12908161,A,G,1.069,0.011,9.41E-10,0.26,0.999,1.073,0.019,0.000236,0.257,0.995,1.067,0.013,1.02E-06,0.048,0.827,323,783.811,ADAMTSL3; ALPK3; DNM1P41; EFTUD1P1; GOLGA2P7; GOLGA6L4; GOLGA6L5P; LINC00933; LOC440300; LOC642423; LOC102724034; LOC103171574; NMB; SCAND2P; SEC11A; UBE2Q2L; UBE2Q2P1; WDR73; ZNF592; ZSCAN2,15,85207825,84664594,genotype_data
2,73511262,74101954,rs56145559,C,T,0.931,0.012,1.01E-09,0.225,0.99,0.945,0.02,0.00393,0.201,0.96,0.923,0.015,5.13E-08,0.857,0.355,345,590.693,ALMS1; ALMS1-IT1; ALMS1P; C2orf78; DUSP11; EGR4; NAT8; NAT8B; STAMBP; TPRKB,2,73623439,73396311,genotype_data
9,100991430,101079033,rs10985817,T,C,0.923,0.013,1.02E-09,0.161,0.931,0.888,0.023,2.35E-07,0.153,0.995,0.941,0.016,0.000131,4.201,0.04,118,87.604,GABBR2; MIR6854; TBC1D2,9,101071090,98308808,genotype_data
8,143267760,143413334,rs67439964,T,C,1.075,0.012,1.16E-09,0.234,0.909,1.084,0.021,8.83E-05,0.219,0.913,1.071,0.015,3.03E-06,0.247,0.62,60,145.575,LINC00051; TSNARE1,8,143343398,142262037,genotype_data
11,24264778,24533962,rs1899543,A,T,0.944,0.009,1.23E-09,0.483,1,0.957,0.017,0.00792,0.495,0.995,0.938,0.012,2.96E-08,1.048,0.306,139,269.185,LUZP2,11,24406419,24384873,genotype_data
5,152744817,152899532,rs12522290,C,G,1.083,0.013,1.34E-09,0.176,0.991,1.079,0.022,0.000577,0.165,0.983,1.085,0.016,5.48E-07,0.047,0.829,52,154.716,GRIA1,5,152797656,153418096,genotype_data
11,57369008,57735431,rs7129727,G,A,0.939,0.01,1.47E-09,0.342,1,0.928,0.017,1.71E-05,0.295,0.963,0.946,0.013,1.46E-05,0.718,0.397,263,366.424,BTBD18; C11orf31; CLP1; CTNND1; MED19; MIR130A; SERPING1; TMX2; TMX2-CTNND1; YPEL4; ZDHHC5,11,57484660,57717188,genotype_data
3,180860434,181256285,rs55672338,T,A,0.943,0.01,1.52E-09,0.487,0.971,0.93,0.017,1.26E-05,0.484,0.942,0.95,0.012,1.50E-05,1.065,0.302,109,395.852,SOX2-OT,3,181051857,181334069,genotype_data
8,27186652,27330813,rs2565065,A,G,1.066,0.011,1.74E-09,0.308,1,1.07,0.018,0.000131,0.271,0.96,1.063,0.013,3.52E-06,0.085,0.77,94,144.162,CHRNA2; MIR6842; PTK2B,8,27328021,27470504,genotype_data
1,243203672,243627135,rs10803138,A,G,0.935,0.011,2.03E-09,0.249,0.979,0.932,0.019,0.000264,0.232,0.986,0.936,0.014,1.86E-06,0.036,0.849,185,423.464,CEP170; LOC731275; MIR4677; SDCCAG8,1,243555219,243391917,genotype_data
18,77563334,77580712,rs56775891,C,T,0.936,0.011,2.03E-09,0.283,0.723,0.909,0.021,7.76E-06,0.286,0.971,0.946,0.013,1.78E-05,2.518,0.113,17,17.379,none,18,77575613,79815613,genotype_data
3,17219137,17888256,rs11409090,A,AT,0.942,0.01,2.11E-09,0.494,0.959,1.077,0.017,1.23E-05,0.465,0.924,1.054,0.012,2.28E-05,0,1,592,669.12,TBC1D5,3,17887635,17846143,genotype_data
18,53768975,53804156,rs1789595,A,T,1.068,0.011,2.23E-09,0.278,0.831,1.064,0.02,0.00223,0.272,0.987,1.07,0.013,2.69E-07,0.049,0.824,11,35.182,LOC100505474,18,53775254,56108023,genotype_data
12,2456062,2523772,rs12823424,A,G,1.066,0.011,2.28E-09,0.28,0.992,1.041,0.019,0.0314,0.278,0.983,1.078,0.013,7.04E-09,2.466,0.116,49,67.711,CACNA1C,12,2514112,2404946,genotype_data
7,109946567,110245369,rs211829,T,C,1.061,0.01,2.29E-09,0.377,0.993,1.065,0.017,0.000232,0.365,0.996,1.059,0.012,2.53E-06,0.084,0.772,218,298.803,none,7,110048893,110408836,genotype_data
15,61813790,61909712,rs12898315,G,A,0.945,0.01,2.51E-09,0.446,0.982,0.944,0.017,0.000579,0.475,1,0.945,0.012,1.23E-06,0.004,0.952,68,95.923,none,15,61854003,61561804,genotype_data
2,200768453,200768453,rs200626410,T,TTC,0.929,0.013,2.95E-09,0.224,0.666,0.974,0.024,0.289,0.199,0.988,0.913,0.015,3.90E-10,0,1,1,0.001,none,2,NA,NA,manual
1,8352642,8838528,rs34269918,G,GA,0.941,0.01,3.27E-09,0.37,0.982,0.94,0.017,0.000309,0.303,0.989,0.942,0.013,2.84E-06,0,1,141,485.887,RERE; SLC45A1,1,8424984,8364924,genotype_data
8,26119170,26279173,rs1042992,C,T,0.929,0.012,3.67E-09,0.168,0.994,0.912,0.022,2.79E-05,0.182,1,0.937,0.015,1.94E-05,1.036,0.309,29,160.004,BNIP3L; PPP2R2A,8,26269191,26411675,genotype_data
2,225308978,225469611,rs11685299,C,A,1.062,0.01,3.86E-09,0.312,1,1.055,0.018,0.00263,0.322,0.986,1.066,0.013,3.27E-07,0.204,0.651,74,160.634,CUL3,2,225391296,224526579,genotype_data
16,63547390,63776400,rs17465671,C,A,1.059,0.01,4.14E-09,0.491,0.957,1.052,0.017,0.00289,0.484,0.942,1.063,0.012,3.23E-07,0.28,0.596,127,229.011,none,16,63712719,63678815,manual
2,185405580,186057716,rs10196799,A,T,1.058,0.01,4.51E-09,0.455,0.994,1.026,0.017,0.117,0.454,0.977,1.074,0.012,1.45E-09,4.897,0.027,135,652.137,ZNF804A,2,185640728,184776001,genotype_data
2,57895438,58502679,rs75575209,A,T,0.905,0.017,4.60E-09,0.095,0.959,0.914,0.028,0.00143,0.089,0.908,0.901,0.021,8.07E-07,0.165,0.685,89,607.242,FANCL; VRK2,2,58138192,57911057,genotype_data
12,39414371,39964006,rs10783624,C,A,1.062,0.01,5.44E-09,0.313,0.991,1.067,0.018,0.000285,0.35,0.986,1.059,0.013,4.90E-06,0.109,0.742,178,549.636,ABCD2; KIF21A,12,39522907,39129105,genotype_data
3,60277174,60303504,rs1353545,G,C,0.943,0.01,5.67E-09,0.335,0.976,0.944,0.018,0.000977,0.386,0.982,0.942,0.012,1.63E-06,0.004,0.95,49,26.331,FHIT,3,60287845,60302116,genotype_data
7,131533769,131619847,rs7801375,A,G,0.926,0.013,6.27E-09,0.159,0.992,0.941,0.023,0.00762,0.147,0.992,0.918,0.016,1.58E-07,0.798,0.372,68,86.079,LOC101928782,7,131567263,131882504,manual
16,9875513,9970227,rs7191183,T,C,0.942,0.01,6.31E-09,0.311,0.981,0.95,0.018,0.00441,0.308,0.994,0.938,0.013,3.67E-07,0.339,0.56,158,94.715,GRIN2A,16,9900057,9806200,genotype_data
18,53230650,53230650,rs66791238,T,C,1.072,0.012,6.41E-09,0.212,0.975,1.068,0.021,0.0014,0.201,0.956,1.074,0.015,1.27E-06,0.046,0.831,1,0.001,TCF4,18,53230650,55563419,genotype_data
8,89188046,89761163,rs7010876,T,A,1.064,0.011,6.51E-09,0.26,1,1.057,0.019,0.0027,0.269,0.996,1.067,0.013,6.27E-07,0.174,0.677,586,573.118,MMP16,8,89264751,88252522,genotype_data
20,20814132,20843441,rs6035706,A,G,0.942,0.01,7.24E-09,0.313,1,0.956,0.018,0.0107,0.305,0.982,0.935,0.013,1.19E-07,1.001,0.317,32,29.31,none,20,20821005,20840362,genotype_data
12,103347511,103390444,rs36104021,CA,C,1.072,0.012,7.31E-09,0.121,0.966,1.164,0.026,7.63E-09,0.106,0.937,1.058,0.019,0.00347,8.509,0.004,32,42.934,ASCL1,12,103361112,102967334,genotype_data
14,30105291,30190833,rs199687649,C,G,1.095,0.016,7.31E-09,0.203,0.934,1.075,0.021,0.000622,0.213,0.921,1.071,0.015,2.90E-06,0,1,6,85.543,MIR548AI; PRKD1,14,NA,NA,manual
2,199921578,200332499,rs34719143,T,TC,1.093,0.015,7.71E-09,0.067,0.761,0.877,0.039,0.000681,0.152,0.974,0.922,0.017,1.38E-06,0,1,9,410.922,SATB2,2,NA,NA,manual
6,143629340,143714330,rs72342102,T,TTTTG,1.067,0.011,7.93E-09,0.236,0.992,1.073,0.019,0.000276,0.23,0.992,1.064,0.014,7.20E-06,0,1,23,84.991,AIG1,6,143650817,143329680,genotype_data
2,22499207,22822159,rs12712510,T,C,1.059,0.01,8.18E-09,0.47,0.837,1.074,0.018,8.16E-05,0.497,0.974,1.053,0.012,1.59E-05,0.807,0.369,238,322.953,LOC102723362,2,22749726,22526854,genotype_data
8,4177231,4210746,rs139425113,G,GA,0.936,0.012,8.48E-09,0.195,0.988,1.045,0.021,0.0347,0.226,0.999,1.08,0.014,3.63E-08,0,1,82,33.516,CSMD1,8,4180611,4323089,genotype_data
14,33257891,33309495,rs34179565,CA,C,0.946,0.01,8.88E-09,0.461,0.972,1.052,0.017,0.0026,0.449,0.958,1.06,0.012,9.46E-07,0,1,51,51.605,AKAP6,14,NA,NA,manual
6,83789798,84092546,rs4470825,G,A,1.057,0.01,8.94E-09,0.434,0.972,1.056,0.017,0.00119,0.471,0.975,1.058,0.012,1.94E-06,0.003,0.956,35,302.749,DOPEY1; ME1; PGM3; RWDD2A,6,83789798,83080079,genotype_data
8,143293307,143404118,rs4976967,G,A,1.067,0.011,9.07E-09,0.306,0.912,1.081,0.019,3.91E-05,0.293,0.844,1.059,0.014,3.67E-05,0.717,0.397,5,110.812,TSNARE1,8,143293307,142211946,genotype_data
3,71481192,71679664,rs7632921,G,T,1.058,0.01,9.52E-09,0.435,0.993,1.065,0.017,0.000158,0.41,0.997,1.054,0.012,1.36E-05,0.241,0.623,114,198.473,FOXP1; MIR1284,3,71543758,71494607,genotype_data
8,18388177,18458140,rs2410572,G,A,1.056,0.01,1.07E-08,0.436,0.979,1.064,0.017,0.000206,0.459,0.994,1.052,0.012,1.24E-05,0.313,0.576,53,69.964,PSD3,8,18421474,18563964,genotype_data
11,30183742,30437981,rs1765142,C,A,0.944,0.01,1.13E-08,0.353,1,0.925,0.017,6.37E-06,0.326,1,0.954,0.012,0.000158,2.174,0.14,191,254.24,ARL14EP; FSHB; MPPED2,11,30378559,30357012,genotype_data
13,79855297,80192906,rs9545047,A,C,1.058,0.01,1.15E-08,0.394,0.958,1.081,0.017,7.85E-06,0.384,0.996,1.047,0.012,0.000118,2.268,0.132,385,337.61,NDFIP2; NDFIP2-AS1; RBM26; RBM26-AS1,13,79859456,79285321,genotype_data
1,177170720,177428790,rs4650963,T,C,1.056,0.01,1.16E-08,0.127,0.942,0.898,0.025,2.00E-05,0.123,0.992,0.932,0.018,7.08E-05,1.469,0.226,175,258.071,BRINP2,1,177309490,177340354,genotype_data
15,70573650,70603159,rs12148337,G,T,0.921,0.014,1.16E-08,0.467,0.99,1.084,0.017,1.21E-06,0.471,1,1.042,0.012,0.000345,3.74,0.053,32,29.51,none,15,70589272,70296933,genotype_data
3,161146130,161520740,rs489939,G,A,1.059,0.01,1.24E-08,0.363,0.989,1.058,0.017,0.00106,0.337,0.994,1.059,0.012,3.41E-06,0.001,0.976,229,374.611,LOC101243545; OTOL1,3,161470592,161752804,genotype_data
6,93044855,93177270,rs634940,G,T,0.939,0.011,1.30E-08,0.27,0.982,0.928,0.019,5.46E-05,0.232,0.973,0.945,0.014,4.27E-05,0.632,0.427,85,132.416,none,6,93077500,92367782,genotype_data
8,33604120,34674539,rs55669358,T,C,0.909,0.017,1.37E-08,0.093,0.955,0.92,0.029,0.00345,0.086,0.994,0.904,0.021,9.99E-07,0.233,0.63,168,1070.42,none,8,34312412,34454894,genotype_data
3,53273192,53539241,rs312477,G,A,1.067,0.011,1.38E-08,0.229,0.908,1.083,0.021,0.000124,0.249,0.957,1.061,0.014,1.86E-05,0.697,0.404,72,266.05,CACNA1D; DCP1A; TKT,3,53515136,53481109,genotype_data
4,23334811,23443552,rs215411,T,A,0.944,0.01,1.40E-08,0.328,0.988,0.977,0.018,0.182,0.319,0.993,0.928,0.013,2.10E-09,5.696,0.017,74,108.742,MIR548AJ2,4,23423603,23421980,genotype_data
12,23214508,23642695,rs1120004,T,G,1.064,0.011,1.42E-08,0.263,0.971,1.077,0.019,8.82E-05,0.252,0.99,1.057,0.013,3.07E-05,0.653,0.419,234,428.188,LOC101928441,12,23633432,23480498,manual
16,7744180,7761736,rs12447542,G,A,0.918,0.015,1.44E-08,0.121,0.891,0.918,0.027,0.00116,0.125,0.933,0.919,0.018,3.49E-06,0.001,0.973,14,17.557,RBFOX1,16,7744180,7694178,genotype_data
10,18538669,18574980,rs7099380,G,C,1.091,0.015,1.47E-08,0.472,0.984,0.947,0.017,0.00101,0.426,0.995,0.947,0.012,4.25E-06,0.002,0.966,40,36.312,CACNB2,10,18549016,18260087,genotype_data
17,18917237,19322062,rs66885728,G,A,0.947,0.01,1.47E-08,0.149,0.736,1.093,0.027,0.00108,0.166,0.752,1.09,0.019,3.71E-06,0.006,0.94,74,404.826,B9D1; EPN2; EPN2-AS1; EPN2-IT1; GRAP; GRAPL; LOC79999; LOC388436; MAPK7; MFAP4; MIR1180; RNF112; SLC5A10,17,19014831,19111518,manual
11,113431960,113451229,rs4936277,A,G,1.058,0.01,1.52E-08,0.446,0.859,1.074,0.018,6.65E-05,0.409,0.957,1.051,0.012,3.86E-05,1.04,0.308,4,19.27,none,11,113431960,113561238,genotype_data
7,24557497,24844736,rs146678232,CA,C,0.932,0.013,1.63E-08,0.18,0.984,1.097,0.021,1.64E-05,0.167,0.99,1.062,0.016,0.000114,0,1,188,287.24,DFNA5; MPP6; OSBPL3,7,24777089,24737470,genotype_data
14,99657227,99735480,rs35604463,G,A,1.058,0.01,1.66E-08,0.436,0.968,1.065,0.017,0.00019,0.399,0.957,1.054,0.012,1.93E-05,0.265,0.607,71,78.254,BCL11B,14,99712032,99245695,genotype_data
5,49441779,49884022,rs77853293,C,T,1.056,0.01,1.77E-08,0.468,0.984,1.045,0.017,0.00839,0.453,0.954,1.062,0.012,4.72E-07,0.615,0.433,295,442.244,EMB,5,49840113,50544279,genotype_data
14,103793539,104511206,rs80020004,C,T,0.918,0.015,1.85E-08,0.145,0.953,0.936,0.024,0.00531,0.114,0.852,0.906,0.02,6.12E-07,1.076,0.3,4,717.668,APOPT1; BAG5; C14orf2; CKB; EIF5; KLC1; LINC00637; MARK3; PPP1R13B; RD3L; SNORA28; TDRD9; TRMT61A; XRCC3; ZFYVE21,14,104495116,104028779,genotype_data
6,114612973,114775668,rs760608,G,A,1.063,0.011,1.90E-08,0.266,0.973,1.076,0.019,9.42E-05,0.264,0.98,1.056,0.013,3.72E-05,0.693,0.405,41,162.696,none,6,114719447,114398283,genotype_data
3,10793110,10872262,rs6800435,C,A,0.921,0.015,2.00E-08,0.103,0.991,0.899,0.027,7.76E-05,0.129,0.99,0.93,0.018,3.83E-05,1.126,0.289,40,79.153,LINC00606; SLC6A11,3,10804551,10762866,manual
11,65378028,65577846,rs58950470,G,T,0.944,0.01,2.07E-08,0.349,0.957,0.934,0.018,0.000117,0.325,0.971,0.949,0.013,3.46E-05,0.53,0.467,68,199.819,AP5B1; KAT5; MAP3K11; MIR4489; MIR4690; OVOL1; OVOL1-AS1; PCNXL3; RELA; RNASEH2C; SIPA1,11,65383755,65616284,genotype_data
12,92243186,92395053,rs4240748,C,G,0.946,0.01,2.15E-08,0.37,0.996,0.955,0.017,0.00783,0.362,0.979,0.941,0.012,6.29E-07,0.518,0.472,22,151.868,C12orf79,12,92246786,91853010,genotype_data
15,47524423,47751837,rs281299,C,T,0.946,0.01,2.19E-08,0.377,1,0.933,0.017,4.99E-05,0.374,0.981,0.953,0.012,7.00E-05,0.986,0.321,77,227.415,SEMA6D,15,47686081,47393884,genotype_data
15,40550149,40599296,rs56282503,T,C,0.94,0.011,2.30E-08,0.304,0.863,0.94,0.019,0.00133,0.286,0.873,0.939,0.014,4.70E-06,0.001,0.972,20,49.148,ANKRD63; PAK6; PLCB2,15,40566759,40274558,manual
1,173479023,175000887,rs6701877,G,T,1.076,0.013,2.37E-08,0.168,0.956,1.118,0.023,1.15E-06,0.183,0.924,1.056,0.016,0.000641,4.128,0.042,554,1521.86,ANKRD45; CACYBP; CENPL; DARS2; GAS5; GAS5-AS1; GPR52; KLHL20; LOC730159; MRPS14; RABGAP1L; RC3H1; SERPINC1; SLC9C2; SNORD44; SNORD47; SNORD74; SNORD75; SNORD76; SNORD77; SNORD78; SNORD79; SNORD80; SNORD81; ZBTB37,1,174015259,174046121,manual
17,17649172,18035019,rs4925114,A,G,1.058,0.01,2.64E-08,0.358,0.958,1.055,0.018,0.00239,0.408,0.971,1.06,0.013,2.89E-06,0.055,0.815,346,385.848,ATPAF2; DRG2; GID4; LRRC48; MIR33B; MIR6777; MYO15A; RAI1; SMCR5; SREBF1; TOM1L2,17,17711270,17807956,genotype_data
11,132387460,132417766,rs5795787,G,GTAA,1.056,0.01,2.69E-08,0.462,0.999,0.932,0.017,2.11E-05,0.472,0.936,0.955,0.012,0.000158,0,1,51,30.307,OPCML,11,NA,NA,manual
2,200387210,200632032,rs76432012,T,C,1.15,0.025,2.75E-08,0.065,0.787,1.174,0.039,3.64E-05,0.045,0.751,1.133,0.033,0.000154,0.47,0.493,5,244.823,FTCDNL1; LOC101927641,2,200576767,199712044,manual
3,16747942,17119238,rs9881798,T,C,1.054,0.01,2.81E-08,0.413,0.987,0.947,0.017,0.00113,0.404,0.973,0.948,0.012,7.34E-06,0.004,0.951,81,371.297,MIR3714; PLCL2,3,16846967,16805459,genotype_data
4,170198392,170647421,rs10520163,A,C,0.948,0.01,2.81E-08,0.499,0.998,1.027,0.017,0.105,0.474,0.994,1.068,0.012,1.58E-08,3.806,0.051,262,449.03,CLCN3; NEK1,4,170626552,169705401,genotype_data
1,95746349,95944432,rs6680011,A,C,0.929,0.013,2.83E-08,0.146,0.99,0.941,0.023,0.00845,0.151,0.991,0.924,0.016,8.80E-07,0.411,0.521,145,198.084,FLJ31662,1,95840866,95375310,genotype_data
6,128301981,128334236,rs35736453,T,TC,0.941,0.011,2.95E-08,0.27,0.98,0.931,0.019,0.000144,0.26,0.973,0.946,0.013,4.02E-05,0,1,40,32.256,PTPRK,6,128329493,128008348,genotype_data
2,73129974,73168593,rs2077586,A,G,1.063,0.011,2.96E-08,0.307,0.931,1.052,0.019,0.0063,0.265,0.905,1.07,0.014,1.11E-06,0.508,0.476,15,38.62,EMX1,2,73161551,72934422,genotype_data
11,134282729,134297345,rs893949,C,T,1.055,0.01,2.98E-08,0.474,1,1.068,0.016,6.84E-05,0.445,0.964,1.048,0.012,7.96E-05,0.834,0.361,6,14.617,none,11,134296384,134426490,genotype_data
1,190585303,190719743,rs55770408,T,C,0.941,0.011,3.02E-08,0.241,0.988,0.933,0.019,0.000279,0.246,0.998,0.945,0.013,2.45E-05,0.327,0.567,19,134.441,LOC440704,1,190643601,190674471,genotype_data
1,200250436,200421466,rs6678676,T,C,0.937,0.012,3.22E-08,0.213,0.959,0.935,0.021,0.00113,0.287,0.786,0.938,0.014,7.73E-06,0.016,0.898,48,171.031,LINC00862; ZNF281,1,200266503,200297375,genotype_data
1,66205718,66552709,rs12129719,G,A,0.947,0.01,3.35E-08,0.447,0.977,0.941,0.017,0.000295,0.476,0.958,0.95,0.012,2.55E-05,0.234,0.629,80,346.992,PDE4B,1,66324512,65858829,manual
8,8092025,10283602,rs11993663,C,A,0.946,0.01,3.40E-08,0.33,0.999,0.927,0.018,1.50E-05,0.346,0.994,0.956,0.012,0.000204,2.03,0.154,216,2191.58,CLDN23; ERI1; FAM86B3P; LINC00599; LOC157273; MFHAS1; MIR124-1; MIR597; MIR4660; MSRA; PPP1R3B; SGK223; TNKS,8,10032894,10175384,genotype_data
16,67841129,68419298,rs1975802,A,G,0.933,0.013,3.56E-08,0.167,0.985,0.936,0.022,0.00295,0.172,1,0.931,0.015,3.35E-06,0.037,0.848,134,578.17,CENPT; CTRL; DDX28; DPEP2; DPEP3; DUS2; EDC4; ESRP2; LCAT; LOC100131303; MIR6773; NFATC3; NRN1L; NUTF2; PLA2G15; PRMT7; PSKH1; PSMB10; SLC7A6; SLC7A6OS; SLC12A4; SMPD3; THAP11; TSNAXIP1,16,68285847,68251944,genotype_data
7,131619693,131627573,rs4523180,T,G,1.107,0.018,3.83E-08,0.093,0.969,1.1,0.029,0.0011,0.074,0.845,1.111,0.024,9.53E-06,0.073,0.787,3,7.881,LOC101928782,7,131619693,131934934,genotype_data
22,39838892,39856356,rs9611177,C,T,1.06,0.011,3.84E-08,0.441,0.887,1.065,0.018,0.000335,0.359,0.842,1.057,0.013,2.73E-05,0.133,0.716,19,17.465,MGAT3,22,39840130,39444125,manual
1,97731961,97885249,rs11165867,C,T,0.933,0.013,3.87E-08,0.164,0.968,0.931,0.022,0.00146,0.182,0.993,0.934,0.015,7.16E-06,0.015,0.903,193,153.289,DPYD; DPYD-AS1,1,97878068,97412512,genotype_data
4,143629150,143924146,rs13121251,T,C,1.059,0.01,4.06E-08,0.312,0.973,1.092,0.018,1.24E-06,0.293,0.99,1.043,0.013,0.000934,4.237,0.04,337,294.997,INPP4B,4,143829759,142908606,manual
16,71003590,71575281,rs2161711,A,G,1.072,0.013,4.22E-08,0.185,0.99,1.091,0.022,5.56E-05,0.162,0.991,1.063,0.016,0.000126,0.973,0.324,68,571.692,CALB2; CHST4; CMTR2; HYDIN; ZNF19; ZNF23,16,71359066,71325163,genotype_data
5,86909526,88224419,rs254782,A,G,0.882,0.023,4.40E-08,0.053,0.97,0.908,0.038,0.0114,0.05,0.939,0.867,0.029,7.33E-07,0.94,0.332,76,1314.89,LINC00461; LOC102546226; MEF2C; MEF2C-AS1; MIR9-2; TMEM161B; TMEM161B-AS1,5,88000630,88704813,manual
2,57950104,58450569,rs77011057,A,G,1.116,0.02,4.48E-08,0.066,1,1.086,0.034,0.0138,0.057,0.999,1.133,0.025,5.88E-07,1.023,0.312,48,500.466,FANCL; VRK2,2,58064341,57837206,manual
14,59585932,60088992,rs150437760,A,C,1.129,0.022,4.58E-08,0.052,0.989,1.164,0.038,7.98E-05,0.05,0.955,1.112,0.027,9.22E-05,0.928,0.336,226,503.061,CCDC175; DAAM1; GPR135; JKAMP; L3HYPDH; RTN1,14,59981768,59515050,genotype_data
17,78456708,78704618,rs7225476,G,A,0.949,0.01,4.86E-08,0.467,0.987,0.939,0.017,0.000173,0.453,1,0.954,0.012,4.97E-05,0.589,0.443,147,247.911,RPTOR,17,78561603,80587803,genotype_data
16,24235580,24249959,rs198160,G,T,1.058,0.01,4.88E-08,0.462,0.901,1.049,0.017,0.0063,0.457,0.844,1.062,0.013,2.04E-06,0.35,0.554,20,14.38,none,16,24240725,24229404,manual
