"","inGencode","inGencodeStart","inGencodeEnd","gencodeGeneID","ensemblID","Symbol","gencodeStrand","gencodeTx","numTx","Class","startExon","endExon","newGeneID","newGeneSymbol","isFusion","meanExprs","Length","passExprsCut","logFC","AveExpr","t","P.Value","adj.P.Val","B","region","type"
"chr1:43578921-43588730(+)",TRUE,TRUE,TRUE,"ENSG00000142949.16","ENSG00000142949","PTPRF","+","c(""ENST00000359947.8""; ""ENST00000438120.5"")",2,"InGen",14989,14991,"ENSG00000142949.16","PTPRF",FALSE,64.2438736315883,100,TRUE,0.117090822431257,2.89642987850416,4.38672242951262,1.51715580502838e-05,0.085970807014928,2.65793447193481,"DLPFC","jxn"
"chr1:148929274-148931799(+)",TRUE,TRUE,TRUE,"ENSG00000178104.19","ENSG00000178104","PDE4DIP","+","c(""ENST00000530472.5""; ""ENST00000524974.5""; ""ENST00000585156.5""; ""ENST00000618462.4""; ""ENST00000617031.4""; ""ENST00000533259.1""; ""ENST00000613995.4""; ""ENST00000464103.5""; ""ENST00000534536.5""; ""ENST00000369356.8""; ""ENST00000369354.7""; ""ENST00000369347.8""; ""ENST00000369349.7""; ""ENST00000369351.7""; ""ENST00000477941.2"")",15,"InGen",30482,30483,"ENSG00000178104.19","PDE4DIP",FALSE,138.649759469062,100,TRUE,0.146656451755116,3.845018614763,4.93905750331953,1.20882214999946e-06,0.0211317044328817,4.86432577660265,"DLPFC","jxn"
"chr1:203683399-203698156(+)",TRUE,TRUE,TRUE,"ENSG00000058668.14","ENSG00000058668","ATP2B4","+","c(""ENST00000357681.9""; ""ENST00000367218.7""; ""ENST00000341360.6"")",3,"InGen",44348,44349,"ENSG00000058668.14","ATP2B4",FALSE,132.145630773476,100,TRUE,0.099744463859354,3.74848961908926,4.28645049297783,2.33936285674673e-05,0.0918361398792805,2.07802303276887,"DLPFC","jxn"
"chr1:23367169-23367972(-)",TRUE,TRUE,TRUE,"ENSG00000125945.14","ENSG00000125945","ZNF436","-","c(""ENST00000314011.8""; ""ENST00000374608.3"")",2,"InGen",7993,7992,"ENSG00000125945.14","ZNF436",FALSE,18.1311618372302,100,TRUE,0.20929490456765,0.716530129960905,4.30132357172892,2.19495639855129e-05,0.0918361398792805,2.46757235650354,"DLPFC","jxn"
"chr10:94510180-94511582(+)",TRUE,TRUE,TRUE,"ENSG00000108239.8","ENSG00000108239","TBC1D12","+","c(""ENST00000225235.4""; ""ENST00000485048.1"")",2,"InGen",284527,284528,"ENSG00000108239.8","TBC1D12",FALSE,54.8305060515416,100,TRUE,-0.135156992329969,2.54894553112802,-4.606848964875,5.69914547391356e-06,0.0480711975329947,3.63096148795002,"DLPFC","jxn"
"chr11:103303254-103304594(+)",TRUE,TRUE,TRUE,"ENSG00000187240.13","ENSG00000187240","DYNC2H1","+","c(""ENST00000375735.6""; ""ENST00000398093.7""; ""ENST00000528670.5"")",3,"InGen",318439,318440,"ENSG00000187240.13","DYNC2H1",FALSE,72.4780990964578,100,TRUE,0.0956727156885126,3.0600521391115,4.28595821608219,2.34429438039655e-05,0.0918361398792805,2.21970645464221,"DLPFC","jxn"
"chr11:95841710-95844952(-)",TRUE,TRUE,TRUE,"ENSG00000087053.18","ENSG00000087053","MTMR2","-","c(""ENST00000346299.9""; ""ENST00000393223.7""; ""ENST00000409459.5""; ""ENST00000352297.11""; ""ENST00000444541.6"")",5,"InGen",317754,317753,"ENSG00000087053.18","MTMR2",FALSE,47.1928230858604,100,TRUE,-0.112702154365,2.47240112384484,-4.2791055219764,2.41398324057336e-05,0.0918361398792805,2.29750952048033,"DLPFC","jxn"
"chr12:1408248-1410388(+)",TRUE,TRUE,TRUE,"ENSG00000082805.19","ENSG00000082805","ERC1","+","c(""ENST00000542302.6""; ""ENST00000347735.10""; ""ENST00000440394.7""; ""ENST00000545948.5""; ""ENST00000611180.4""; ""ENST00000538971.6""; ""ENST00000588412.5"")",7,"InGen",325872,325880,"ENSG00000082805.19","ERC1",FALSE,99.4814063396686,100,TRUE,0.0971873401660535,3.1198717442822,4.22618003411152,3.02295363673146e-05,0.0998182649686102,1.96902520634558,"DLPFC","jxn"
"chr12:94181581-94186372(+)",TRUE,TRUE,TRUE,"ENSG00000136040.8","ENSG00000136040","PLXNC1","+","c(""ENST00000258526.8""; ""ENST00000546733.1""; ""ENST00000551850.1"")",3,"InGen",348095,348096,"ENSG00000136040.8","PLXNC1",FALSE,25.2330775615908,100,TRUE,0.170444447757035,1.38040015488675,4.28570836743759,2.34680110894877e-05,0.0918361398792805,2.42392105595717,"DLPFC","jxn"
"chr12:9072872-9074559(-)",TRUE,TRUE,TRUE,"ENSG00000175899.14","ENSG00000175899","A2M","-","ENST00000318602.11",1,"InGen",329424,329423,"ENSG00000175899.14","A2M",FALSE,83.1533906229026,100,TRUE,-0.20153878267428,2.89307067385389,-4.26992818888203,2.51041821099071e-05,0.0918971979991856,2.19326731595536,"DLPFC","jxn"
"chr12:9090024-9090355(-)",TRUE,TRUE,TRUE,"ENSG00000175899.14","ENSG00000175899","A2M","-","c(""ENST00000543436.2""; ""ENST00000318602.11""; ""ENST00000462568.1"")",3,"InGen",329389,329388,"ENSG00000175899.14","A2M",FALSE,85.480806975635,100,TRUE,-0.208125025105451,2.88828528421296,-4.51696854850774,8.54032137831391e-06,0.0619029572567977,3.20359554824435,"DLPFC","jxn"
"chr12:9106346-9106490(-)",TRUE,TRUE,TRUE,"ENSG00000175899.14","ENSG00000175899","A2M","-","ENST00000318602.11",1,"InGen",329405,329404,"ENSG00000175899.14","A2M",FALSE,124.172466541171,100,TRUE,-0.184580975274844,3.42983636088567,-4.35289950337829,1.75737040418279e-05,0.0866132386028217,2.42165590467918,"DLPFC","jxn"
"chr12:9106606-9107523(-)",TRUE,TRUE,TRUE,"ENSG00000175899.14","ENSG00000175899","A2M","-","ENST00000318602.11",1,"InGen",329404,329403,"ENSG00000175899.14","A2M",FALSE,142.673499332206,100,TRUE,-0.179474111403583,3.62058311703419,-4.32879713327222,1.95031810111879e-05,0.0866132386028217,2.28227338636467,"DLPFC","jxn"
"chr12:130442661-130445159(-)",TRUE,TRUE,TRUE,"ENSG00000060709.14","ENSG00000060709","RIMBP2","-","c(""ENST00000261655.8""; ""ENST00000535703.5"")",2,"InGen",357643,357642,"ENSG00000060709.14","RIMBP2",FALSE,47.2121777195254,100,TRUE,0.168513360923249,2.04524966200098,4.64207879023895,4.8550203677363e-06,0.0450881189970075,3.82756225330889,"DLPFC","jxn"
"chr13:113089729-113091120(+)",TRUE,TRUE,TRUE,"ENSG00000126217.20","ENSG00000126217","MCF2L","+","c(""ENST00000397017.6""; ""ENST00000420013.5"")",2,"InGen",367628,367674,"ENSG00000126217.20","MCF2L",FALSE,23.4201847784341,100,TRUE,-0.193113690970897,1.61380695773242,-4.46900405223407,1.05697819841935e-05,0.0662417212317736,3.14397308924829,"DLPFC","jxn"
"chr13:31141260-31145562(-)",TRUE,TRUE,TRUE,"ENSG00000120694.19","ENSG00000120694","HSPH1","-","ENST00000380405.7",1,"InGen",360745,360743,"ENSG00000120694.19","HSPH1",FALSE,32.2287972390535,100,TRUE,0.470154439714226,-0.352774358618156,4.66435764476983,4.38473729131391e-06,0.0420342133216116,3.92220805472328,"DLPFC","jxn"
"chr13:44137286-44147592(-)",FALSE,FALSE,FALSE,NA,NA,NA,NA,"character(0)",0,"Novel",NA,NA,NA,NA,FALSE,6.8579085837389,100,TRUE,0.487523446665769,-0.364558978653344,5.32482934958642,1.79251331290838e-07,0.00532700898843424,6.3093757292554,"DLPFC","jxn"
"chr14:49577029-49586647(+)",FALSE,FALSE,FALSE,NA,NA,NA,NA,"character(0)",0,"Novel",NA,NA,NA,NA,FALSE,10466.3876239007,100,TRUE,5.91746691849675,6.19595233177841,9.37989796788925,7.88523119979468e-19,1.17167044659309e-13,29.6347703544252,"DLPFC","jxn"
"chr14:49581952-49586655(+)",FALSE,FALSE,FALSE,NA,NA,NA,NA,"character(0)",0,"Novel",NA,NA,NA,NA,FALSE,5833.36388667481,100,TRUE,-0.885947141639498,6.90840262474124,-5.95081284534854,6.38036257784042e-09,0.000316020421874199,7.39846342048156,"DLPFC","jxn"
"chr14:49586699-49586743(+)",FALSE,FALSE,FALSE,NA,NA,NA,NA,"character(0)",0,"Novel",NA,NA,NA,NA,FALSE,1031.19070002516,100,TRUE,2.75609130304499,-2.94580941293487,4.73585127884234,3.15352020162368e-06,0.0389609156294891,3.58552234408149,"DLPFC","jxn"
"chr14:59484594-59486712(+)",TRUE,TRUE,TRUE,"ENSG00000050130.17","ENSG00000050130","JKAMP","+","c(""ENST00000261247.13""; ""ENST00000616435.4""; ""ENST00000555491.5""; ""ENST00000556985.5"")",4,"InGen",377238,377239,"ENSG00000050130.17","JKAMP",FALSE,27.4159325377681,100,TRUE,-0.166877461372581,1.44042588467103,-4.23324901604959,2.93386387521385e-05,0.0998182649686102,2.21944588586919,"DLPFC","jxn"
"chr14:94234670-94237564(+)",TRUE,TRUE,TRUE,"ENSG00000119698.11","ENSG00000119698","PPP4R4","+","ENST00000304338.7",1,"InGen",384281,384282,"ENSG00000119698.11","PPP4R4",FALSE,43.8727971099593,100,TRUE,0.167832124470697,2.01471175474069,4.33165444389346,1.92642778825726e-05,0.0866132386028217,2.55060948147129,"DLPFC","jxn"
"chr14:49853669-49862578(-)",FALSE,FALSE,FALSE,NA,NA,NA,NA,"character(0)",0,"Novel",NA,NA,NA,NA,FALSE,12239.6935277813,100,TRUE,-0.59965106519128,9.08230496418265,-4.98404991844879,9.73328537747588e-07,0.020661053441169,-1.05055990436113,"DLPFC","jxn"
"chr14:49853706-49862640(-)",FALSE,FALSE,FALSE,NA,NA,NA,NA,"character(0)",0,"Novel",NA,NA,NA,NA,FALSE,55184.0338582272,100,TRUE,-0.213242470407786,12.2473109578978,-4.58988657593433,6.15426597934001e-06,0.0494305653515201,-2.38519027791814,"DLPFC","jxn"
"chr14:49853775-49862709(-)",FALSE,FALSE,FALSE,NA,NA,NA,NA,"character(0)",0,"Novel",NA,NA,NA,NA,FALSE,104268.849352393,100,TRUE,-0.144000589753859,13.3571314122421,-5.20622384573965,3.26281500399442e-07,0.00881496932456425,2.93526933499104,"DLPFC","jxn"
"chr14:49862673-49862714(-)",FALSE,FALSE,FALSE,NA,NA,NA,NA,"character(0)",0,"Novel",NA,NA,NA,NA,FALSE,5029.49527828167,100,TRUE,4.53642498626607,-3.12825381733858,7.05441416182811,9.06878231803512e-12,5.39013959611199e-07,12.8658456641897,"DLPFC","jxn"
"chr14:49862774-49888061(-)",FALSE,FALSE,FALSE,NA,NA,NA,NA,"character(0)",0,"Novel",NA,NA,NA,NA,FALSE,15643.7985943506,100,TRUE,-7.32848023181869,5.52292288324455,-10.1010299796822,2.90486007136581e-21,8.63269220868564e-16,35.270037164862,"DLPFC","jxn"
"chr15:90911239-90911384(+)",TRUE,TRUE,TRUE,"ENSG00000196547.14","ENSG00000196547","MAN2A2","+","c(""ENST00000560451.5""; ""ENST00000558161.5""; ""ENST00000559717.5""; ""ENST00000360468.7""; ""ENST00000557865.5""; ""ENST00000560616.5"")",6,"InGen",408495,408496,"ENSG00000196547.14","MAN2A2",FALSE,39.2318875139046,100,TRUE,-0.156391066660676,2.13811247543504,-4.33458316979361,1.90223096174785e-05,0.0866132386028217,2.56010962792407,"DLPFC","jxn"
"chr15:74414746-74414837(-)",TRUE,TRUE,TRUE,"ENSG00000138623.9","ENSG00000138623","SEMA7A","-","c(""ENST00000261918.8""; ""ENST00000542748.5""; ""ENST00000543145.6"")",3,"InGen",403114,403113,"ENSG00000138623.9","SEMA7A",FALSE,70.5465065772005,100,TRUE,-0.137320484840966,3.05758668858224,-4.67231060923632,4.22772635997325e-06,0.0420342133216116,3.83749121893195,"DLPFC","jxn"
"chr16:31372510-31372596(+)",TRUE,TRUE,TRUE,"ENSG00000140678.16","ENSG00000140678","ITGAX","+","c(""ENST00000268296.8""; ""ENST00000562522.2""; ""ENST00000562138.1"")",3,"InGen",424853,424854,"ENSG00000140678.16","ITGAX",FALSE,6.55139261131807,100,TRUE,-0.49512326445169,-1.29710763718622,-4.49457132616174,9.43648559650334e-06,0.0639402165864392,2.30484856961066,"DLPFC","jxn"
"chr16:83997270-83998204(+)",TRUE,TRUE,TRUE,"ENSG00000103154.9","ENSG00000103154","NECAB2","+","c(""ENST00000305202.8""; ""ENST00000565691.5""; ""ENST00000567703.1"")",3,"InGen",435862,435863,"ENSG00000103154.9","NECAB2",FALSE,21.2297332761854,100,TRUE,0.207131499222335,1.43472828641002,4.26880934294798,2.52242360047967e-05,0.0918971979991856,2.3557540155767,"DLPFC","jxn"
"chr16:30118539-30121823(-)",TRUE,TRUE,TRUE,"ENSG00000102882.11","ENSG00000102882","MAPK3","-","c(""ENST00000263025.8""; ""ENST00000466521.5""; ""ENST00000484663.5""; ""ENST00000322266.9""; ""ENST00000490298.5""; ""ENST00000395200.5""; ""ENST00000395202.5""; ""ENST00000478356.5""; ""ENST00000395199.7""; ""ENST00000483869.1""; ""ENST00000481230.1"")",11,"InGen",423613,423612,"ENSG00000102882.11","MAPK3",FALSE,107.208689133088,100,TRUE,0.100785697422124,3.65552097218897,4.22765673301981,3.00413220279483e-05,0.0998182649686102,1.86124288409963,"DLPFC","jxn"
"chr17:40083983-40084609(+)",TRUE,TRUE,TRUE,"ENSG00000126351.12","ENSG00000126351","THRA","+","c(""ENST00000394121.8""; ""ENST00000264637.8""; ""ENST00000584985.5""; ""ENST00000450525.6""; ""ENST00000546243.5"")",5,"InGen",455004,455005,"ENSG00000126351.12","THRA",FALSE,230.084325178551,100,TRUE,0.0833121364694722,4.52619729643803,4.37421827897136,1.60204901274616e-05,0.085970807014928,2.23302911187148,"DLPFC","jxn"
"chr18:5410620-5419710(-)",TRUE,TRUE,TRUE,"ENSG00000082397.17","ENSG00000082397","EPB41L3","-","c(""ENST00000544123.5""; ""ENST00000342933.7""; ""ENST00000542652.6""; ""ENST00000400111.8""; ""ENST00000637651.1""; ""ENST00000540638.6""; ""ENST00000545076.5""; ""ENST00000578524.5""; ""ENST00000581387.5""; ""ENST00000579271.5""; ""ENST00000580647.5""; ""ENST00000580316.5""; ""ENST00000578196.5""; ""ENST00000578395.1"")",14,"InGen",475293,475292,"ENSG00000082397.17","EPB41L3",FALSE,180.691312430309,100,TRUE,-0.092639911008261,4.34266514610308,-4.36357564263717,1.67786864128791e-05,0.085970807014928,2.24340815581902,"DLPFC","jxn"
"chr19:14600183-14606992(+)",TRUE,TRUE,TRUE,"ENSG00000187912.11","ENSG00000187912","CLEC17A","+","c(""ENST00000417570.5""; ""ENST00000551730.1"")",2,"InGen",495609,495612,"ENSG00000187912.11","CLEC17A",FALSE,0.691596114641905,100,TRUE,-0.564527639879176,-3.96971239347691,-4.36485570413338,1.66857083436065e-05,0.085970807014928,0.97592086703663,"DLPFC","jxn"
"chr19:14607103-14610063(+)",TRUE,TRUE,TRUE,"ENSG00000187912.11","ENSG00000187912","CLEC17A","+","c(""ENST00000339847.9""; ""ENST00000417570.5""; ""ENST00000551730.1"")",3,"InGen",495612,495610,"ENSG00000187912.11","CLEC17A",FALSE,0.834647278962594,100,TRUE,-0.622049750370927,-3.82814639048316,-4.66611019736027,4.3496629202787e-06,0.0420342133216116,1.82032295085363,"DLPFC","jxn"
"chr19:50276204-50276756(+)",TRUE,TRUE,TRUE,"ENSG00000105357.15","ENSG00000105357","MYH14","+","c(""ENST00000598205.5""; ""ENST00000440075.6""; ""ENST00000376970.6""; ""ENST00000425460.5""; ""ENST00000601313.5""; ""ENST00000596571.5""; ""ENST00000262269.12"")",7,"InGen",513823,513824,"ENSG00000105357.15","MYH14",FALSE,15.6112823683402,100,TRUE,-0.231591934875515,0.474895630638674,-4.24405281653651,2.80253018348234e-05,0.0991498479116029,2.22953019692529,"DLPFC","jxn"
"chr19:48838130-48839204(-)",TRUE,TRUE,TRUE,"ENSG00000105559.11","ENSG00000105559","PLEKHA4","-","ENST00000263265.10",1,"InGen",512015,512020,"ENSG00000105559.11","PLEKHA4",FALSE,1.44826270005424,100,TRUE,0.593975945082187,-3.53014024216484,4.4875287239722,9.73645237614505e-06,0.0639402165864392,1.34213898838104,"DLPFC","jxn"
"chr2:36517543-36522091(+)",TRUE,TRUE,TRUE,"ENSG00000150938.9","ENSG00000150938","CRIM1","+","c(""ENST00000280527.6""; ""ENST00000413985.1"")",2,"InGen",58426,58427,"ENSG00000150938.9","CRIM1",FALSE,58.5083173734008,100,TRUE,0.117355637789076,2.70376656609443,4.32851275007884,1.9527113060354e-05,0.0866132386028217,2.45141494890257,"DLPFC","jxn"
"chr2:54115757-54135452(+)",TRUE,TRUE,TRUE,"ENSG00000170634.12","ENSG00000170634","ACYP2","+","c(""ENST00000406041.5""; ""ENST00000303536.8""; ""ENST00000394666.7""; ""ENST00000494922.6"")",4,"InGen",61307,61302,"ENSG00000170634.12","ACYP2",FALSE,102.191013339353,100,TRUE,-0.118738086537113,3.56970750678651,-4.94471705747594,1.17642153251286e-06,0.0211317044328817,4.95679874582155,"DLPFC","jxn"
"chr2:54135470-54138638(+)",TRUE,TRUE,TRUE,"ENSG00000170634.12","ENSG00000170634","ACYP2","+","c(""ENST00000607452.5""; ""ENST00000406041.5""; ""ENST00000303536.8""; ""ENST00000394666.7""; ""ENST00000494922.6"")",5,"InGen",61302,61303,"ENSG00000170634.12","ACYP2",FALSE,122.442868257547,100,TRUE,-0.106320829840744,3.79477660726625,-4.60209747500697,5.82326296495338e-06,0.0480711975329947,3.38868066889804,"DLPFC","jxn"
"chr2:54653854-54655069(+)",TRUE,TRUE,TRUE,"ENSG00000115306.15","ENSG00000115306","SPTBN1","+","c(""ENST00000356805.8""; ""ENST00000615901.4""; ""ENST00000333896.5""; ""ENST00000496323.1"")",4,"InGen",61371,61372,"ENSG00000115306.15","SPTBN1",FALSE,419.396291026653,100,TRUE,0.0693794394065261,5.48616565819339,4.71266668212542,3.51082992323578e-06,0.0389609156294891,3.38248767865406,"DLPFC","jxn"
"chr2:80604180-80608183(+)",TRUE,TRUE,TRUE,"ENSG00000066032.18","ENSG00000066032","CTNNA2","+","c(""ENST00000466387.5""; ""ENST00000496558.5""; ""ENST00000402739.8""; ""ENST00000541047.5""; ""ENST00000343114.7""; ""ENST00000361291.8""; ""ENST00000467892.1"")",7,"InGen",66216,66217,"ENSG00000066032.18","CTNNA2",FALSE,159.516650720865,100,TRUE,0.0721260608310675,4.21505248789902,4.23027198697146,2.97107329681989e-05,0.0998182649686102,1.72749817245767,"DLPFC","jxn"
"chr2:80608319-80647584(+)",TRUE,TRUE,TRUE,"ENSG00000066032.18","ENSG00000066032","CTNNA2","+","c(""ENST00000466387.5""; ""ENST00000496558.5""; ""ENST00000541047.5""; ""ENST00000343114.7"")",4,"InGen",66217,66218,"ENSG00000066032.18","CTNNA2",FALSE,166.516075231818,100,TRUE,0.0760080598601426,4.31390354499053,4.74011762485335,3.09170259987189e-06,0.0389609156294891,3.85323578988717,"DLPFC","jxn"
"chr2:117822062-117822146(+)",TRUE,TRUE,TRUE,"ENSG00000088205.12","ENSG00000088205","DDX18","+","c(""ENST00000263239.6""; ""ENST00000474694.1""; ""ENST00000489933.1"")",3,"InGen",72888,72889,"ENSG00000088205.12","DDX18",FALSE,57.0901443401001,100,TRUE,-0.115874056610897,2.63367050633761,-4.48449799810555,9.86833668827223e-06,0.0639402165864392,3.10558368788271,"DLPFC","jxn"
"chr2:131532938-131533012(+)",TRUE,TRUE,TRUE,"ENSG00000163040.14","ENSG00000163040","CCDC74A","+","c(""ENST00000295171.10""; ""ENST00000467992.6""; ""ENST00000409856.7"")",3,"InGen",74892,74893,"ENSG00000163040.14","CCDC74A",FALSE,11.5171876827176,100,TRUE,0.268419002491302,-0.302218930536665,4.23576424011502,2.90277354268606e-05,0.0998182649686102,2.00715822010374,"DLPFC","jxn"
"chr2:68181011-68186467(-)",TRUE,TRUE,TRUE,"ENSG00000221823.10","ENSG00000221823","PPP3R1","-","c(""ENST00000234310.7""; ""ENST00000409752.5""; ""ENST00000409377.1"")",3,"InGen",63448,63431,"ENSG00000221823.10","PPP3R1",TRUE,431.915789659809,100,TRUE,-0.0713818783589423,5.48650656811638,-4.45708690153251,1.11415741377219e-05,0.0662417212317736,2.27282580107067,"DLPFC","jxn"
"chr2:106441381-106447417(-)",TRUE,TRUE,TRUE,"ENSG00000153165.18","ENSG00000153165","RGPD3","-","c(""ENST00000304514.11""; ""ENST00000409886.3"")",2,"InGen",70934,70933,"ENSG00000153165.18","RGPD3",FALSE,1.47939119918264,100,TRUE,0.877379486557474,-3.28605944502846,4.33155449865771,1.92725869757359e-05,0.0866132386028217,0.950900776419965,"DLPFC","jxn"
"chr2:165154659-165155761(-)",TRUE,TRUE,TRUE,"ENSG00000153253.15","ENSG00000153253","SCN3A","-","c(""ENST00000360093.7""; ""ENST00000283254.11""; ""ENST00000409101.7""; ""ENST00000440431.6"")",4,"InGen",78674,78673,"ENSG00000153253.15","SCN3A",FALSE,55.4112824796565,100,TRUE,0.14097643092598,2.41332076399952,4.80045689301166,2.3330711340933e-06,0.0330164006048086,4.47818102498783,"DLPFC","jxn"
"chr21:8218784-8401822(+)",FALSE,FALSE,FALSE,NA,NA,NA,NA,"character(0)",0,"Novel",NA,NA,NA,NA,FALSE,9951.38548320116,100,TRUE,-3.2139623497623,-1.87307098312952,-4.78106444435163,2.55482042452001e-06,0.0345110949354219,4.43015529660269,"DLPFC","jxn"
"chr21:8401348-8445576(-)",FALSE,FALSE,FALSE,NA,NA,NA,NA,"character(0)",0,"Novel",NA,NA,NA,NA,FALSE,14.1126471782546,100,TRUE,1.87507225357263,-3.4341551745307,4.53974894797367,7.71289465558342e-06,0.0587724550420753,2.11317025792024,"DLPFC","jxn"
"chr21:8401464-8445691(-)",FALSE,FALSE,FALSE,NA,NA,NA,NA,"character(0)",0,"Novel",NA,NA,NA,NA,FALSE,1518.8849210538,100,TRUE,5.67571413091823,-2.7833452064816,7.16284625679486,4.55811413318307e-12,3.38646229053369e-07,14.5805972890872,"DLPFC","jxn"
"chr3:6861908-7146451(+)",TRUE,TRUE,TRUE,"ENSG00000196277.15","ENSG00000196277","GRM7","+","c(""ENST00000467425.5""; ""ENST00000357716.8""; ""ENST00000486284.5""; ""ENST00000389335.7""; ""ENST00000389336.8""; ""ENST00000440923.7"")",6,"InGen",95388,95383,"ENSG00000196277.15","GRM7",FALSE,40.0987424627152,100,TRUE,0.162876718904371,1.82869006373199,4.28928678401595,2.31114203203858e-05,0.0918361398792805,2.40538725566598,"DLPFC","jxn"
"chr3:15661196-15738590(+)",FALSE,FALSE,FALSE,NA,NA,NA,NA,"character(0)",0,"Novel",NA,NA,NA,NA,FALSE,6067.41780032557,100,TRUE,-0.510575726919086,8.33467575574074,-5.92257741144521,7.46229096832985e-09,0.000316807298894176,6.35310648922277,"DLPFC","jxn"
"chr3:121279957-121318474(+)",TRUE,TRUE,TRUE,"ENSG00000145087.12","ENSG00000145087","STXBP5L","+","c(""ENST00000471454.5""; ""ENST00000472879.5"")",2,"InGen",114740,114742,"ENSG00000145087.12","STXBP5L",FALSE,52.5602769832793,100,TRUE,-0.108295823880815,2.81184107003499,-4.48384065093498,9.89716692176217e-06,0.0639402165864392,3.07120541208908,"DLPFC","jxn"
"chr3:158826063-158827279(+)",TRUE,TRUE,TRUE,"ENSG00000118855.18","ENSG00000118855","MFSD1","+","c(""ENST00000415822.6""; ""ENST00000392813.8""; ""ENST00000622669.4""; ""ENST00000484166.5""; ""ENST00000480292.5""; ""ENST00000264266.12""; ""ENST00000471500.5""; ""ENST00000465624.5""; ""ENST00000465235.1"")",9,"InGen",122123,122124,"ENSG00000118855.18","MFSD1",FALSE,36.1160508263748,100,TRUE,-0.154497564449036,1.72159979272347,-4.37449926177142,1.60009238241539e-05,0.085970807014928,2.75728627292818,"DLPFC","jxn"
"chr3:10386513-10388276(-)",TRUE,TRUE,TRUE,"ENSG00000157087.16","ENSG00000157087","ATP2B2","-","c(""ENST00000352432.8""; ""ENST00000360273.6"")",2,"InGen",96619,96618,"ENSG00000157087.16","ATP2B2",FALSE,7.34925942112771,100,TRUE,-0.398262880677761,-0.665755504659751,-4.27940265610033,2.4109209004702e-05,0.0918361398792805,1.96521498016247,"DLPFC","jxn"
"chr3:62481870-62491338(-)",TRUE,TRUE,TRUE,"ENSG00000163618.17","ENSG00000163618","CADPS","-","ENST00000383710.8",1,"InGen",109447,109435,"ENSG00000163618.17","CADPS",FALSE,128.744032559193,100,TRUE,-0.0947441254567878,3.95141530120984,-4.3367917739834,1.88417625832617e-05,0.0866132386028217,2.22144662399329,"DLPFC","jxn"
"chr4:165379529-165464389(+)",TRUE,TRUE,TRUE,"ENSG00000109472.13","ENSG00000109472","CPE","+","ENST00000402744.8",1,"InGen",149290,149287,"ENSG00000109472.13","CPE",FALSE,691.213743894984,100,TRUE,0.0647878721826592,6.08800734819307,4.28937104151487,2.31030867416698e-05,0.0918361398792805,1.35009739364377,"DLPFC","jxn"
"chr4:165482360-165484421(+)",TRUE,TRUE,TRUE,"ENSG00000109472.13","ENSG00000109472","CPE","+","c(""ENST00000402744.8""; ""ENST00000511992.1"")",2,"InGen",149291,149292,"ENSG00000109472.13","CPE",FALSE,1379.4530655807,100,TRUE,0.0629831302239183,7.08108460136442,4.70669588588339,3.60898041350573e-06,0.0389609156294891,2.66399318928557,"DLPFC","jxn"
"chr5:133202043-133210190(-)",TRUE,TRUE,TRUE,"ENSG00000053108.16","ENSG00000053108","FSTL4","-","c(""ENST00000265342.11""; ""ENST00000509525.5""; ""ENST00000621681.4"")",3,"InGen",166943,166942,"ENSG00000053108.16","FSTL4",FALSE,12.3864301209285,100,TRUE,-0.204218417440224,0.94053268902015,-4.27957355213765,2.40916128393388e-05,0.0918361398792805,2.40135928097052,"DLPFC","jxn"
"chr6:31587319-31588517(+)",TRUE,TRUE,TRUE,"ENSG00000204482.10","ENSG00000204482","LST1","+","c(""ENST00000376099.5""; ""ENST00000211921.11""; ""ENST00000376090.6"")",3,"InGen",183006,183008,"ENSG00000204482.10","LST1",FALSE,1.12926663128452,100,TRUE,-0.63945414107481,-3.57370438821722,-4.34440724448186,1.82317065815941e-05,0.0866132386028217,0.934462702030273,"DLPFC","jxn"
"chr6:31815787-31827980(+)",FALSE,FALSE,FALSE,NA,NA,NA,NA,"character(0)",0,"Novel",NA,NA,NA,NA,FALSE,18.0944638825182,100,TRUE,1.14437709455128,-4.14804623113027,4.83200332997858,2.01143924061454e-06,0.0298880762482535,2.62635612039948,"DLPFC","jxn"
"chr6:31816438-31828631(+)",FALSE,FALSE,FALSE,NA,NA,NA,NA,"character(0)",0,"Novel",NA,NA,NA,NA,FALSE,52.6627553025724,100,TRUE,1.39156051056218,-4.03773664808614,4.28233186771699,2.38092968788866e-05,0.0918361398792805,1.12378662179658,"DLPFC","jxn"
"chr6:31817674-31829867(+)",FALSE,FALSE,FALSE,NA,NA,NA,NA,"character(0)",0,"Novel",NA,NA,NA,NA,FALSE,24.1547951445257,100,TRUE,1.50091536099845,-1.71385812353986,5.15801975392085,4.14936646256478e-07,0.0102759406225955,5.33279071665269,"DLPFC","jxn"
"chr6:89606106-89612271(+)",TRUE,TRUE,TRUE,"ENSG00000135299.16","ENSG00000135299","ANKRD6","+","c(""ENST00000369408.9""; ""ENST00000520886.6""; ""ENST00000339746.8""; ""ENST00000447838.6""; ""ENST00000465722.6""; ""ENST00000522441.5""; ""ENST00000485637.5""; ""ENST00000518253.5"")",8,"InGen",193090,193091,"ENSG00000135299.16","ANKRD6",FALSE,17.970863833559,100,TRUE,0.215600684416842,0.557608614467918,4.23600446246772,2.89982069613858e-05,0.0998182649686102,2.21011394706784,"DLPFC","jxn"
"chr6:89623545-89623871(+)",TRUE,TRUE,TRUE,"ENSG00000135299.16","ENSG00000135299","ANKRD6","+","c(""ENST00000369408.9""; ""ENST00000339746.8""; ""ENST00000447838.6""; ""ENST00000522441.5""; ""ENST00000518150.5""; ""ENST00000520793.5""; ""ENST00000518253.5""; ""ENST00000415924.6""; ""ENST00000479572.1"")",9,"InGen",193095,193096,"ENSG00000135299.16","ANKRD6",FALSE,36.9482900022382,100,TRUE,0.178470731258245,1.66094353035443,4.36485589024865,1.66856948609283e-05,0.085970807014928,2.72004758637278,"DLPFC","jxn"
"chr6:89624058-89624538(+)",TRUE,TRUE,TRUE,"ENSG00000135299.16","ENSG00000135299","ANKRD6","+","c(""ENST00000369408.9""; ""ENST00000339746.8""; ""ENST00000447838.6""; ""ENST00000522441.5""; ""ENST00000518150.5""; ""ENST00000520793.5""; ""ENST00000518253.5""; ""ENST00000415924.6""; ""ENST00000479572.1"")",9,"InGen",193096,193097,"ENSG00000135299.16","ANKRD6",FALSE,29.6521940659488,100,TRUE,0.196609826866572,1.42865314605171,4.72645205646529,3.29393982668281e-06,0.0389609156294891,4.21503825816709,"DLPFC","jxn"
"chr6:154433508-154441291(-)",TRUE,TRUE,TRUE,"ENSG00000153721.18","ENSG00000153721","CNKSR3","-","c(""ENST00000607772.5""; ""ENST00000479339.5"")",2,"InGen",200397,200396,"ENSG00000153721.18","CNKSR3",FALSE,12.8633577125771,100,TRUE,-0.273354862512115,0.210325083913033,-4.27647163730877,2.44129168771327e-05,0.0918361398792805,2.28542475398666,"DLPFC","jxn"
"chr6:166365454-166365973(-)",TRUE,TRUE,TRUE,"ENSG00000060762.18","ENSG00000060762","MPC1","-","c(""ENST00000360961.10""; ""ENST00000341756.10""; ""ENST00000621630.1""; ""ENST00000621685.4""; ""ENST00000487218.5""; ""ENST00000366868.5""; ""ENST00000475708.1"")",7,"InGen",201816,201815,"ENSG00000060762.18","MPC1",FALSE,182.402316732733,100,TRUE,-0.0847112211069891,4.35012340576585,-4.49287740961869,9.50781446490785e-06,0.0639402165864392,2.78364214543944,"DLPFC","jxn"
"chr7:24623785-24641715(+)",TRUE,TRUE,TRUE,"ENSG00000105926.15","ENSG00000105926","MPP6","+","c(""ENST00000432190.5""; ""ENST00000222644.9""; ""ENST00000396475.6""; ""ENST00000430180.5"")",4,"InGen",206628,206629,"ENSG00000105926.15","MPP6",FALSE,164.72241472897,100,TRUE,0.0915037289884741,3.83484907830102,4.40437448599748,1.40461172276167e-05,0.0818478267415756,2.53573606552562,"DLPFC","jxn"
"chr7:24649765-24650484(+)",TRUE,TRUE,TRUE,"ENSG00000105926.15","ENSG00000105926","MPP6","+","c(""ENST00000432190.5""; ""ENST00000222644.9""; ""ENST00000409761.5""; ""ENST00000396475.6""; ""ENST00000430180.5"")",5,"InGen",206630,206631,"ENSG00000105926.15","MPP6",FALSE,189.345950989511,100,TRUE,0.0977640080963058,4.10325271773725,4.61505484814287,5.49075732053327e-06,0.0479926103315705,3.36087944060464,"DLPFC","jxn"
"chr7:90790653-90863174(+)",TRUE,TRUE,TRUE,"ENSG00000058091.16","ENSG00000058091","CDK14","+","c(""ENST00000380050.7""; ""ENST00000265741.7""; ""ENST00000406263.5""; ""ENST00000436577.3""; ""ENST00000431029.5"")",5,"InGen",216315,216316,"ENSG00000058091.16","CDK14",FALSE,254.434578536003,100,TRUE,-0.073492591913021,4.77661624125363,-4.45701702256642,1.11450128426403e-05,0.0662417212317736,2.4958750797999,"DLPFC","jxn"
"chr8:92886732-92891988(-)",FALSE,FALSE,TRUE,NA,NA,NA,NA,"character(0)",0,"AltStartEnd",NA,243254,"ENSG00000205133.11","TRIQK",FALSE,1.96271862915692,100,TRUE,0.634861930088212,-2.6460524454409,4.38222018234954,1.54721389801431e-05,0.085970807014928,1.21198547837992,"DLPFC","jxn"
"chr8:129849370-129850834(-)",TRUE,TRUE,TRUE,"ENSG00000153310.18","ENSG00000153310","FAM49B","-","c(""ENST00000519824.6""; ""ENST00000522746.5""; ""ENST00000523509.5""; ""ENST00000401979.6""; ""ENST00000519110.5""; ""ENST00000522250.5""; ""ENST00000517654.5""; ""ENST00000519540.5""; ""ENST00000522941.5""; ""ENST00000615041.1"")",10,"InGen",247872,247871,"ENSG00000153310.18","FAM49B",FALSE,192.046824617314,100,TRUE,-0.0815299278536066,4.54358914419505,-4.62194604485213,5.32143272422692e-06,0.047922081770257,3.27019699143483,"DLPFC","jxn"
"chr9:9389414-9442109(+)",FALSE,FALSE,FALSE,NA,NA,NA,NA,"character(0)",0,"Novel",NA,NA,NA,NA,FALSE,10788.4934563833,100,TRUE,-0.298221417849436,10.1281440924467,-8.45565885606822,7.2151079907357e-16,7.14731002598275e-11,19.1446910115366,"DLPFC","jxn"
"chr9:137145903-137148151(+)",TRUE,TRUE,TRUE,"ENSG00000176884.14","ENSG00000176884","GRIN1","+","c(""ENST00000350902.9""; ""ENST00000371546.8""; ""ENST00000371553.7""; ""ENST00000371555.8""; ""ENST00000371560.4"")",5,"InGen",271029,271048,"ENSG00000176884.14","GRIN1",FALSE,47.1753338217344,100,TRUE,-0.1714599754944,2.81900653293716,-4.87246729618784,1.66103185824317e-06,0.0259803741402402,4.74336577076154,"DLPFC","jxn"
"chr9:137148215-137149008(+)",TRUE,TRUE,TRUE,"ENSG00000176884.14","ENSG00000176884","GRIN1","+","c(""ENST00000350902.9""; ""ENST00000371546.8""; ""ENST00000371553.7""; ""ENST00000371555.8""; ""ENST00000371560.4"")",5,"InGen",271048,271030,"ENSG00000176884.14","GRIN1",FALSE,55.8110579638851,100,TRUE,-0.188470690129399,3.03405194280301,-5.14105872569273,4.51365026613158e-07,0.0103182392287635,5.94726540233943,"DLPFC","jxn"
"chr9:72927178-72928891(-)",TRUE,TRUE,TRUE,"ENSG00000165092.12","ENSG00000165092","ALDH1A1","-","c(""ENST00000297785.7""; ""ENST00000376939.5""; ""ENST00000482210.5""; ""ENST00000419959.5""; ""ENST00000446946.1""; ""ENST00000493113.1"")",6,"InGen",258627,258626,"ENSG00000165092.12","ALDH1A1",FALSE,54.7472360944983,100,TRUE,-0.196596042334051,2.49601474921568,-4.70301223700915,3.67084584016372e-06,0.0389609156294891,4.04962066317925,"DLPFC","jxn"
"chr9:72929022-72930878(-)",TRUE,TRUE,TRUE,"ENSG00000165092.12","ENSG00000165092","ALDH1A1","-","c(""ENST00000297785.7""; ""ENST00000376939.5""; ""ENST00000482210.5""; ""ENST00000419959.5""; ""ENST00000446946.1""; ""ENST00000493113.1"")",6,"InGen",258626,258625,"ENSG00000165092.12","ALDH1A1",FALSE,63.2873442411565,100,TRUE,-0.210120277249243,2.75631388574232,-5.43480232818324,1.01888697888219e-07,0.00378492314088983,7.40255201854659,"DLPFC","jxn"
"chr9:72931020-72940147(-)",TRUE,TRUE,TRUE,"ENSG00000165092.12","ENSG00000165092","ALDH1A1","-","c(""ENST00000297785.7""; ""ENST00000376939.5""; ""ENST00000482210.5""; ""ENST00000419959.5""; ""ENST00000446946.1""; ""ENST00000493113.1"")",6,"InGen",258625,258624,"ENSG00000165092.12","ALDH1A1",FALSE,85.9272887099132,100,TRUE,-0.188087786105537,3.14143726794905,-4.89996631743413,1.45735658551442e-06,0.0240610381910978,4.83001679481693,"DLPFC","jxn"
"chr9:128266021-128267457(-)",FALSE,TRUE,TRUE,NA,NA,NA,NA,"character(0)",0,"ExonSkip",266854,266851,"ENSG00000167110.16","GOLGA2",FALSE,0.477399112936275,100,TRUE,0.504666523263519,-4.24260520711474,4.55878582758065,7.08100334818765e-06,0.0553773593688883,1.56118281610072,"DLPFC","jxn"
"chr9:137450026-137450175(-)",TRUE,TRUE,TRUE,"ENSG00000165802.20","ENSG00000165802","NSMF","-","c(""ENST00000339554.7""; ""ENST00000265663.11""; ""ENST00000371473.7""; ""ENST00000371474.7""; ""ENST00000371475.7""; ""ENST00000437259.5""; ""ENST00000371482.5""; ""ENST00000371472.6""; ""ENST00000484316.5"")",9,"InGen",271329,271328,"ENSG00000165802.20","NSMF",FALSE,402.897689135827,100,TRUE,0.0875054494081967,4.89875896118359,4.46197660208866,1.09034642284248e-05,0.0662417212317736,2.48498011321244,"DLPFC","jxn"
"chrM:3103-3148(+)",FALSE,FALSE,FALSE,NA,NA,NA,NA,"character(0)",0,"Novel",NA,NA,NA,NA,FALSE,40789.1566344753,100,TRUE,2.3961638031745,-1.70816134220188,4.25883203449076,2.63193408253603e-05,0.0942362412749567,2.21067071516364,"DLPFC","jxn"
"chrX:14911414-14912248(+)",TRUE,TRUE,TRUE,"ENSG00000130150.11","ENSG00000130150","MOSPD2","+","c(""ENST00000380492.7""; ""ENST00000482354.5""; ""ENST00000495110.1""; ""ENST00000460386.1"")",4,"InGen",552560,552561,"ENSG00000130150.11","MOSPD2",FALSE,35.8487367374996,100,TRUE,-0.225612877367482,1.8182141133294,-4.96942533660996,1.04453338574129e-06,0.0206943650738654,5.27172671857284,"DLPFC","jxn"
"chrX:74529442-74531332(+)",TRUE,TRUE,TRUE,"ENSG00000147100.10","ENSG00000147100","SLC16A2","+","c(""ENST00000587091.5""; ""ENST00000636771.1"")",2,"InGen",559947,559948,"ENSG00000147100.10","SLC16A2",FALSE,13.9310137878512,100,TRUE,0.250654104672035,0.0305643413401427,4.3327413376983,1.91741383254618e-05,0.0866132386028217,2.44885673107861,"DLPFC","jxn"
"chrX:106612724-106622650(+)",TRUE,TRUE,TRUE,"ENSG00000147231.13","ENSG00000147231","CXorf57","+","c(""ENST00000372544.6""; ""ENST00000372548.8""; ""ENST00000461251.5""; ""ENST00000421550.1"")",4,"InGen",562130,562131,"ENSG00000147231.13","CXorf57",FALSE,11.577912742115,100,TRUE,0.250336564906071,0.0256746805780368,4.53074315598257,8.03036119351771e-06,0.0596617692462697,3.19280529682534,"DLPFC","jxn"
"chrX:119873394-119876513(+)",TRUE,TRUE,TRUE,"ENSG00000125356.6","ENSG00000125356","NDUFA1","+","ENST00000371437.4",1,"InGen",563541,563542,"ENSG00000125356.6","NDUFA1",FALSE,463.021590568793,100,TRUE,-0.0588568140064401,5.7180344608449,-4.26757945857618,2.53568372000001e-05,0.0918971979991856,1.3934154827537,"DLPFC","jxn"
"chrX:136207962-136208454(+)",TRUE,TRUE,TRUE,"ENSG00000022267.16","ENSG00000022267","FHL1","+","c(""ENST00000629039.2""; ""ENST00000394155.6""; ""ENST00000370690.7""; ""ENST00000420362.5""; ""ENST00000630084.2""; ""ENST00000452016.5""; ""ENST00000535737.5""; ""ENST00000434885.5""; ""ENST00000543669.5""; ""ENST00000394153.6""; ""ENST00000456445.5""; ""ENST00000628032.2""; ""ENST00000345434.7""; ""ENST00000539015.5""; ""ENST00000370683.5""; ""ENST00000630684.2""; ""ENST00000370674.3""; ""ENST00000628568.1""; ""ENST00000626004.1"")",19,"InGen",565223,565224,"ENSG00000022267.16","FHL1",FALSE,144.532735214429,100,TRUE,0.11056281655333,3.67629682594339,5.41098954406506,1.15235286332415e-07,0.00380508195861706,7.14881773739581,"DLPFC","jxn"
"chrX:110676362-110679335(-)",TRUE,TRUE,TRUE,"ENSG00000101938.14","ENSG00000101938","CHRDL1","-","c(""ENST00000372045.5""; ""ENST00000394797.8""; ""ENST00000372042.5""; ""ENST00000482160.5""; ""ENST00000444321.2"")",5,"InGen",562730,562729,"ENSG00000101938.14","CHRDL1",FALSE,45.5567741016638,100,TRUE,0.141036454069528,2.4940355522291,4.30235223847802,2.18529037429647e-05,0.0918361398792805,2.3790405663522,"DLPFC","jxn"
"chr1:110009146-110011213(+)1",TRUE,TRUE,TRUE,"ENSG00000168710.17","ENSG00000168710","AHCYL1","+","c(""ENST00000369799.9""; ""ENST00000393614.8""; ""ENST00000475081.1""; ""ENST00000359172.3"")",4,"InGen",26169,26170,"ENSG00000168710.17","AHCYL1",FALSE,286.199011674123,100,TRUE,0.153611987630792,4.71136068358155,4.36751536585031,1.71287822961691e-05,0.0848880393635745,2.22345264370553,"HIPPO","jxn"
"chr1:110012463-110012896(+)1",TRUE,TRUE,TRUE,"ENSG00000168710.17","ENSG00000168710","AHCYL1","+","c(""ENST00000369799.9""; ""ENST00000393614.8""; ""ENST00000475081.1""; ""ENST00000359172.3"")",4,"InGen",26171,26172,"ENSG00000168710.17","AHCYL1",FALSE,248.990008875533,100,TRUE,0.149562421981762,4.49202948429035,4.42037961516071,1.36222693252492e-05,0.0763826343461677,2.50748401352354,"HIPPO","jxn"
"chr1:110017584-110017945(+)1",TRUE,TRUE,TRUE,"ENSG00000168710.17","ENSG00000168710","AHCYL1","+","c(""ENST00000369799.9""; ""ENST00000393614.8""; ""ENST00000359172.3""; ""ENST00000481423.1"")",4,"InGen",26177,26178,"ENSG00000168710.17","AHCYL1",FALSE,195.8497280985,100,TRUE,0.179423666793967,4.09707184380904,5.08694868853163,6.29762472875637e-07,0.0133681029608325,5.5218910811621,"HIPPO","jxn"
"chr1:110018017-110018372(+)1",TRUE,TRUE,TRUE,"ENSG00000168710.17","ENSG00000168710","AHCYL1","+","c(""ENST00000369799.9""; ""ENST00000393614.8""; ""ENST00000359172.3"")",3,"InGen",26178,26179,"ENSG00000168710.17","AHCYL1",FALSE,281.65392195743,100,TRUE,0.163560737082347,4.73644541729397,4.70243650636374,3.86748085195035e-06,0.0410479223951235,3.63530296186027,"HIPPO","jxn"
"chr1:110019120-110019547(+)1",TRUE,TRUE,TRUE,"ENSG00000168710.17","ENSG00000168710","AHCYL1","+","c(""ENST00000369799.9""; ""ENST00000393614.8""; ""ENST00000359172.3"")",3,"InGen",26181,26182,"ENSG00000168710.17","AHCYL1",FALSE,242.808606974056,100,TRUE,0.153592048775293,4.52887421318219,4.54916708983616,7.72523905435581e-06,0.0523516385330125,3.02778792193397,"HIPPO","jxn"
"chr1:154234760-154235195(+)1",TRUE,TRUE,TRUE,"ENSG00000143569.18","ENSG00000143569","UBAP2L","+","c(""ENST00000343815.10""; ""ENST00000428931.5""; ""ENST00000441890.5""; ""ENST00000412596.5""; ""ENST00000456325.5""; ""ENST00000361546.6"")",6,"InGen",33428,33429,"ENSG00000143569.18","UBAP2L",FALSE,78.7088918007575,100,TRUE,-0.143654275570503,2.73370805065924,-4.62710634366824,5.44629788721285e-06,0.0480514728054954,3.71012897035999,"HIPPO","jxn"
"chr10:18506548-18514235(+)1",TRUE,TRUE,TRUE,"ENSG00000165995.18","ENSG00000165995","CACNB2","+","c(""ENST00000324631.11""; ""ENST00000282343.12""; ""ENST00000396576.6""; ""ENST00000377329.8""; ""ENST00000377315.4"")",5,"InGen",274493,274494,"ENSG00000165995.18","CACNB2",FALSE,47.9865128725108,100,TRUE,0.23171618663218,1.74362532432721,4.62609905646906,5.47112287451213e-06,0.0480514728054954,3.75429963894876,"HIPPO","jxn"
"chr10:48946970-48957128(+)1",TRUE,TRUE,TRUE,"ENSG00000283652.1","ENSG00000283652","WDFY4","+","c(""ENST00000325239.10""; ""ENST00000265453.7""; ""ENST00000465910.5"")",3,"InGen",278345,278346,"ENSG00000283652.1","WDFY4",FALSE,1.41258172309189,100,TRUE,-0.767243732986523,-2.77440478349499,-4.60508874554198,6.01444123315004e-06,0.0480514728054954,1.54260351057381,"HIPPO","jxn"
"chr11:34132222-34133025(+)1",TRUE,TRUE,TRUE,"ENSG00000135372.8","ENSG00000135372","NAT10","+","c(""ENST00000257829.7""; ""ENST00000531159.6""; ""ENST00000615292.1"")",3,"InGen",300481,300482,"ENSG00000135372.8","NAT10",FALSE,26.8664155759416,100,TRUE,0.181990687948086,1.45611349936328,4.32660476342427,2.04198112154045e-05,0.0948184362000802,2.55594011053114,"HIPPO","jxn"
"chr11:118758903-118759921(-)1",TRUE,TRUE,TRUE,"ENSG00000110367.11","ENSG00000110367","DDX6","-","c(""ENST00000620157.4""; ""ENST00000534980.5""; ""ENST00000526070.2"")",3,"InGen",321823,321822,"ENSG00000110367.11","DDX6",FALSE,257.242410137154,100,TRUE,0.0895692607228392,4.42799388010196,4.59072298904612,6.41541081396851e-06,0.0480514728054954,3.24157536160508,"HIPPO","jxn"
"chr12:53039344-53039629(+)1",TRUE,TRUE,TRUE,"ENSG00000063046.17","ENSG00000063046","EIF4B","+","c(""ENST00000262056.13""; ""ENST00000420463.7""; ""ENST00000416762.7""; ""ENST00000549592.1"")",4,"InGen",339046,339047,"ENSG00000063046.17","EIF4B",FALSE,316.134896054004,100,TRUE,0.114115051754103,4.84596851525207,4.55094382541897,7.66432777329434e-06,0.0523516385330125,2.95493518280532,"HIPPO","jxn"
"chr12:52517993-52518102(-)1",TRUE,TRUE,TRUE,"ENSG00000186081.11","ENSG00000186081","KRT5","-","c(""ENST00000252242.8""; ""ENST00000552629.5""; ""ENST00000551188.5""; ""ENST00000549420.1"")",4,"InGen",338747,338746,"ENSG00000186081.11","KRT5",FALSE,5.55090030589409,100,TRUE,0.858879529153755,-2.64243564433059,4.38247349937656,1.60574373980175e-05,0.0848880393635745,1.98460563458808,"HIPPO","jxn"
"chr12:52518164-52518945(-)1",TRUE,TRUE,TRUE,"ENSG00000186081.11","ENSG00000186081","KRT5","-","c(""ENST00000252242.8""; ""ENST00000552629.5""; ""ENST00000551013.1""; ""ENST00000549420.1"")",4,"InGen",338746,338745,"ENSG00000186081.11","KRT5",FALSE,4.90488179521256,100,TRUE,0.863531361906064,-2.81985125582272,4.36738174647319,1.71386540923359e-05,0.0848880393635745,1.91502581144749,"HIPPO","jxn"
"chr12:112248513-112250143(-)1",TRUE,TRUE,TRUE,"ENSG00000173064.11","ENSG00000173064","HECTD4","-","c(""ENST00000550722.5""; ""ENST00000377560.9"")",2,"InGen",352947,352946,"ENSG00000173064.11","HECTD4",FALSE,91.0671355290281,100,TRUE,0.1337618476912,2.9923566217661,4.58882940743995,6.47014274012033e-06,0.0480514728054954,3.51170704859197,"HIPPO","jxn"
"chr12:117172608-117174204(-)1",TRUE,TRUE,TRUE,"ENSG00000135108.14","ENSG00000135108","FBXO21","-","c(""ENST00000622495.4""; ""ENST00000427718.6""; ""ENST00000550180.5""; ""ENST00000330622.9""; ""ENST00000549689.5"")",5,"InGen",353938,353937,"ENSG00000135108.14","FBXO21",FALSE,86.2626506048008,100,TRUE,0.150361230633677,2.91934133867211,4.34349464235388,1.89937485203844e-05,0.0910416319199412,2.52478933686954,"HIPPO","jxn"
"chr12:117177642-117186476(-)1",TRUE,TRUE,TRUE,"ENSG00000135108.14","ENSG00000135108","FBXO21","-","c(""ENST00000622495.4""; ""ENST00000427718.6""; ""ENST00000550180.5""; ""ENST00000330622.9""; ""ENST00000549689.5"")",5,"InGen",353935,353934,"ENSG00000135108.14","FBXO21",FALSE,110.057877094777,100,TRUE,0.134909676993357,3.34217543856379,4.45863311853202,1.15257723774149e-05,0.0685048112178506,2.92304822123518,"HIPPO","jxn"
"chr14:49577029-49586647(+)1",FALSE,FALSE,FALSE,NA,NA,NA,NA,"character(0)",0,"Novel",NA,NA,NA,NA,FALSE,10466.3876239007,100,TRUE,2.05241018232181,5.63959971398715,6.45926766366774,4.0401505994151e-10,4.00218665094926e-05,10.7137326049068,"HIPPO","jxn"
"chr14:59326992-59330500(+)1",TRUE,TRUE,TRUE,"ENSG00000100592.15","ENSG00000100592","DAAM1","+","c(""ENST00000360909.7""; ""ENST00000395125.1"")",2,"InGen",377167,377168,"ENSG00000100592.15","DAAM1",FALSE,59.5534302979951,100,TRUE,0.21472744254494,2.31683156569628,5.32422938365864,1.94405166599718e-07,0.00577735218152708,6.84088627541826,"HIPPO","jxn"
"chr15:78925441-78927712(-)1",TRUE,TRUE,TRUE,"ENSG00000103811.15","ENSG00000103811","CTSH","-","c(""ENST00000220166.9""; ""ENST00000525807.5""; ""ENST00000533777.5""; ""ENST00000534237.5""; ""ENST00000615999.4""; ""ENST00000534533.5"")",6,"InGen",405346,405345,"ENSG00000103811.15","CTSH",FALSE,53.1631909680158,100,TRUE,-0.302599152027557,2.4028186727437,-4.72421283792603,3.50021994177573e-06,0.0389775535272618,4.1520878341494,"HIPPO","jxn"
"chr16:31356729-31357030(+)1",TRUE,TRUE,TRUE,"ENSG00000140678.16","ENSG00000140678","ITGAX","+","c(""ENST00000268296.8""; ""ENST00000562918.5""; ""ENST00000567409.1""; ""ENST00000562522.2"")",4,"InGen",424838,424839,"ENSG00000140678.16","ITGAX",FALSE,4.63255143687541,100,TRUE,-0.560320643218194,-1.11759745330519,-4.41089370263897,1.41961303235749e-05,0.078126300105376,1.89574772560904,"HIPPO","jxn"
"chr16:29911868-29911959(-)1",TRUE,TRUE,TRUE,"ENSG00000174943.9","ENSG00000174943","KCTD13","-","c(""ENST00000308768.9""; ""ENST00000568000.5""; ""ENST00000566842.5""; ""ENST00000568995.1""; ""ENST00000563955.5""; ""ENST00000563264.1"")",6,"InGen",423207,423206,"ENSG00000174943.9","KCTD13",FALSE,50.1704189635996,100,TRUE,0.194111642449246,2.49389729435412,4.4440859605801,1.22837122197836e-05,0.0715781545330885,2.97354373284018,"HIPPO","jxn"
"chr17:31336915-31337367(+)1",TRUE,TRUE,TRUE,"ENSG00000196712.16","ENSG00000196712","NF1","+","c(""ENST00000356175.7""; ""ENST00000358273.8""; ""ENST00000579081.5""; ""ENST00000456735.6"")",4,"InGen",451534,451535,"ENSG00000196712.16","NF1",FALSE,54.1574234427096,100,TRUE,0.152210587774865,2.2226682939854,4.61857604776515,5.66000331919078e-06,0.0480514728054954,3.71337011465264,"HIPPO","jxn"
"chr17:48831079-48841697(+)1",TRUE,TRUE,TRUE,"ENSG00000136436.14","ENSG00000136436","CALCOCO2","+","c(""ENST00000258947.7""; ""ENST00000503463.5""; ""ENST00000509507.5""; ""ENST00000448105.6""; ""ENST00000510356.5""; ""ENST00000575560.5""; ""ENST00000509415.5""; ""ENST00000416445.6""; ""ENST00000576582.5""; ""ENST00000511697.1""; ""ENST00000505071.5"")",11,"InGen",460608,460609,"ENSG00000136436.14","CALCOCO2",FALSE,39.0409098194995,100,TRUE,0.180605400366649,1.77362995186737,4.43962849583397,1.25253678152698e-05,0.071582717936725,2.99918105823858,"HIPPO","jxn"
"chr17:75497199-75497780(+)1",TRUE,TRUE,TRUE,"ENSG00000177728.15","ENSG00000177728","TMEM94","+","c(""ENST00000314256.11""; ""ENST00000581085.5""; ""ENST00000579208.5""; ""ENST00000375248.9""; ""ENST00000585105.5""; ""ENST00000579898.5""; ""ENST00000577247.5""; ""ENST00000581453.1""; ""ENST00000584694.1"")",9,"InGen",468659,468660,"ENSG00000177728.15","TMEM94",FALSE,30.0046142272574,100,TRUE,0.22564885488537,1.41920126347189,4.72167312239197,3.54125581795629e-06,0.0389775535272618,4.13275100305941,"HIPPO","jxn"
"chr18:31591972-31592895(+)1",TRUE,TRUE,TRUE,"ENSG00000118271.9","ENSG00000118271","TTR","+","c(""ENST00000237014.7""; ""ENST00000613781.1""; ""ENST00000610404.4""; ""ENST00000432547.7""; ""ENST00000541025.2"")",5,"InGen",478612,478613,"ENSG00000118271.9","TTR",FALSE,6810.80027063491,100,TRUE,0.826726227674102,6.56844443165279,4.64854326894465,4.94296032534212e-06,0.0480514728054954,1.78764108005346,"HIPPO","jxn"
"chr18:49488567-49489358(-)1",TRUE,TRUE,TRUE,"ENSG00000215472.10","ENSG00000215472","RPL17-C18orf32","-","c(""ENST00000577910.1""; ""ENST00000618619.4""; ""ENST00000584364.5""; ""ENST00000618613.5""; ""ENST00000579408.5""; ""ENST00000579248.5""; ""ENST00000581373.5""; ""ENST00000580261.5""; ""ENST00000580210.5""; ""ENST00000583637.5""; ""ENST00000578532.5"")",11,"InGen",480715,480728,"ENSG00000215472.10","RPL17-C18orf32",TRUE,574.508489581061,100,TRUE,0.0860496952174867,5.4921712336053,4.68543813028647,4.17967937642532e-06,0.0428317688539812,3.30660296243959,"HIPPO","jxn"
"chr19:12939632-12940052(+)1",TRUE,TRUE,TRUE,"ENSG00000179218.13","ENSG00000179218","CALR","+","c(""ENST00000587486.6""; ""ENST00000316448.9""; ""ENST00000590325.1"")",3,"InGen",494480,494481,"ENSG00000179218.13","CALR",FALSE,344.70881802577,100,TRUE,-0.153119566228479,5.15446673197175,-5.10991638821791,5.63064995650567e-07,0.0128717091132639,5.37063686335022,"HIPPO","jxn"
"chr19:12940453-12940540(+)1",TRUE,TRUE,TRUE,"ENSG00000179218.13","ENSG00000179218","CALR","+","c(""ENST00000316448.9""; ""ENST00000588454.5""; ""ENST00000586760.1"")",3,"InGen",494484,494485,"ENSG00000179218.13","CALR",FALSE,321.422962740761,100,TRUE,-0.135264052342868,5.07174858747582,-4.548417548693,7.75107458233383e-06,0.0523516385330125,2.88087220874821,"HIPPO","jxn"
"chr19:22988452-23003027(-)1",TRUE,TRUE,TRUE,"ENSG00000269067.1","ENSG00000269067","ZNF728","-","ENST00000594710.1",1,"InGen",500263,500262,"ENSG00000269067.1","ZNF728",FALSE,4.03394258135941,100,TRUE,0.617557881221776,-1.40054668020858,4.31945664505685,2.10537087624616e-05,0.096257880365186,1.47667394529397,"HIPPO","jxn"
"chr2:63487495-63492855(-)1",TRUE,TRUE,TRUE,"ENSG00000143951.15","ENSG00000143951","WDPCP","-","c(""ENST00000272321.11""; ""ENST00000409562.7""; ""ENST00000409835.5""; ""ENST00000417238.5""; ""ENST00000418148.5""; ""ENST00000490935.5""; ""ENST00000431065.1""; ""ENST00000467687.1"")",8,"InGen",62728,62727,"ENSG00000143951.15","WDPCP",FALSE,31.6289889211778,100,TRUE,0.210321123786468,1.43079296866037,4.61305127977832,5.80269173397579e-06,0.0480514728054954,3.68570862911387,"HIPPO","jxn"
"chr2:96712026-96734408(-)1",TRUE,TRUE,TRUE,"ENSG00000114988.11","ENSG00000114988","LMAN2L","-","ENST00000440610.5",1,"InGen",68846,68844,"ENSG00000114988.11","LMAN2L",FALSE,0.666495388240576,100,TRUE,0.685664193909752,-3.71404811111919,4.94040001052404,1.27451922503441e-06,0.0199348893586816,2.58912288995258,"HIPPO","jxn"
"chr20:4862086-4862777(-)1",TRUE,TRUE,TRUE,"ENSG00000089057.14","ENSG00000089057","SLC23A2","-","c(""ENST00000338244.5""; ""ENST00000379333.5""; ""ENST00000423430.1"")",3,"InGen",521097,521096,"ENSG00000089057.14","SLC23A2",FALSE,71.382540027703,100,TRUE,0.162945361074143,2.76332737176889,4.38248362759492,1.6056734214267e-05,0.0848880393635745,2.69611588054317,"HIPPO","jxn"
"chr20:4912979-4932454(-)1",TRUE,TRUE,TRUE,"ENSG00000089057.14","ENSG00000089057","SLC23A2","-","c(""ENST00000338244.5""; ""ENST00000379333.5""; ""ENST00000468355.5"")",3,"InGen",521086,521085,"ENSG00000089057.14","SLC23A2",FALSE,111.646354374538,100,TRUE,0.147469148403591,3.45070482809518,4.4635104216195,1.12818495019495e-05,0.0685048112178506,2.91557953896741,"HIPPO","jxn"
"chr3:4693742-4697146(+)1",TRUE,TRUE,TRUE,"ENSG00000150995.18","ENSG00000150995","ITPR1","+","c(""ENST00000302640.12""; ""ENST00000354582.10""; ""ENST00000357086.9""; ""ENST00000456211.7""; ""ENST00000443694.3"")",5,"InGen",95169,95170,"ENSG00000150995.18","ITPR1",FALSE,98.0835430056106,100,TRUE,0.235451775437645,2.60949393051815,4.58683916703576,6.52815222838667e-06,0.0480514728054954,3.54519165283742,"HIPPO","jxn"
"chr3:23965163-23967812(+)1",TRUE,TRUE,TRUE,"ENSG00000174738.12","ENSG00000174738","NR1D2","+","c(""ENST00000312521.8""; ""ENST00000383773.8""; ""ENST00000492552.5""; ""ENST00000472780.1"")",4,"InGen",98793,98794,"ENSG00000174738.12","NR1D2",FALSE,89.2788526472326,100,TRUE,0.168274438824251,2.65770769724955,4.35110564100444,1.83827514714984e-05,0.0895574502467439,2.58481161904467,"HIPPO","jxn"
"chr3:37473461-37481483(+)1",TRUE,TRUE,TRUE,"ENSG00000144668.11","ENSG00000144668","ITGA9","+","c(""ENST00000422441.5""; ""ENST00000264741.9"")",2,"InGen",100440,100441,"ENSG00000144668.11","ITGA9",FALSE,23.5081639491995,100,TRUE,0.265121091481329,1.2556140263185,4.88360317837533,1.66768248337998e-06,0.0232453892765762,4.79660560757693,"HIPPO","jxn"
"chr3:44852340-44852672(+)1",TRUE,TRUE,TRUE,"ENSG00000163808.16","ENSG00000163808","KIF15","+","c(""ENST00000326047.8""; ""ENST00000438321.5""; ""ENST00000425755.5""; ""ENST00000453693.1""; ""ENST00000422209.1"")",5,"InGen",102413,102414,"ENSG00000163808.16","KIF15",FALSE,2.67062667474291,100,TRUE,-0.679764410902169,-3.21029454434523,-4.32923513524192,2.01911778327984e-05,0.0948184362000802,0.774067289164456,"HIPPO","jxn"
"chr3:126105926-126107140(-)1",TRUE,TRUE,TRUE,"ENSG00000144908.13","ENSG00000144908","ALDH1L1","-","c(""ENST00000455064.6""; ""ENST00000273450.7""; ""ENST00000472186.5""; ""ENST00000467370.5""; ""ENST00000452905.6""; ""ENST00000393434.6""; ""ENST00000393431.6""; ""ENST00000462808.1"")",8,"InGen",116085,116084,"ENSG00000144908.13","ALDH1L1",FALSE,30.8868394658226,100,TRUE,0.280547276652368,1.44908179583594,4.87694187380944,1.72083196464335e-06,0.0232453892765762,4.78803779360139,"HIPPO","jxn"
"chr3:126114657-126118004(-)1",TRUE,TRUE,TRUE,"ENSG00000144908.13","ENSG00000144908","ALDH1L1","-","c(""ENST00000455064.6""; ""ENST00000273450.7""; ""ENST00000472186.5""; ""ENST00000452905.6""; ""ENST00000393434.6"")",5,"InGen",116081,116080,"ENSG00000144908.13","ALDH1L1",FALSE,36.7610918152566,100,TRUE,0.263111921224174,1.74635474813377,4.98369363508883,1.0366400509973e-06,0.0181217486467899,5.27355003215367,"HIPPO","jxn"
"chr3:126118099-126124363(-)1",TRUE,TRUE,TRUE,"ENSG00000144908.13","ENSG00000144908","ALDH1L1","-","c(""ENST00000455064.6""; ""ENST00000273450.7""; ""ENST00000472186.5""; ""ENST00000452905.6""; ""ENST00000393434.6""; ""ENST00000393431.6"")",6,"InGen",116080,116079,"ENSG00000144908.13","ALDH1L1",FALSE,35.8012911674772,100,TRUE,0.287699010666503,1.70159246568923,5.27145220229994,2.53401918399271e-07,0.00684602141016489,6.56253482680551,"HIPPO","jxn"
"chr3:126131535-126135534(-)1",TRUE,TRUE,TRUE,"ENSG00000144908.13","ENSG00000144908","ALDH1L1","-","c(""ENST00000273450.7""; ""ENST00000472186.5""; ""ENST00000452905.6""; ""ENST00000393434.6""; ""ENST00000476245.5"")",5,"InGen",116088,116076,"ENSG00000144908.13","ALDH1L1",FALSE,20.7099307776783,100,TRUE,0.322814524654259,0.865572858630935,4.99252731713522,9.93679364223385e-07,0.0181217486467899,5.15823954642174,"HIPPO","jxn"
"chr5:10402453-10402532(+)1",TRUE,TRUE,TRUE,"ENSG00000145495.14","ENSG00000145495","MARCH6","+","c(""ENST00000449913.6""; ""ENST00000511802.5""; ""ENST00000503788.5""; ""ENST00000274140.9""; ""ENST00000510792.1"")",5,"InGen",153259,153260,"ENSG00000145495.14","MARCH6",FALSE,228.138290725935,100,TRUE,0.117162300684578,4.16207146770762,4.59906023656486,6.17968103534625e-06,0.0480514728054954,3.3263095102732,"HIPPO","jxn"
"chr5:95755762-95763507(+)1",TRUE,TRUE,TRUE,"ENSG00000164292.12","ENSG00000164292","RHOBTB3","+","c(""ENST00000379982.7""; ""ENST00000502541.1"")",2,"InGen",162799,162800,"ENSG00000164292.12","RHOBTB3",FALSE,214.170441818675,100,TRUE,0.168965174277779,4.21354039097344,5.48895910764403,8.3902218558984e-08,0.00277046057928638,7.42723575077666,"HIPPO","jxn"
"chr5:157341158-157359004(+)1",TRUE,TRUE,TRUE,"ENSG00000055163.19","ENSG00000055163","CYFIP2","+","c(""ENST00000616178.4""; ""ENST00000620254.4""; ""ENST00000522463.5""; ""ENST00000435847.6""; ""ENST00000521420.5""; ""ENST00000618329.4"")",6,"InGen",172722,172723,"ENSG00000055163.19","CYFIP2",FALSE,380.487686340471,100,TRUE,0.105283795118987,5.38985164222288,4.98374660958101,1.0363771455752e-06,0.0181217486467899,4.68136053261536,"HIPPO","jxn"
"chr6:73519517-73519882(-)1",TRUE,TRUE,TRUE,"ENSG00000156508.17","ENSG00000156508","EEF1A1","-","c(""ENST00000316292.13""; ""ENST00000610520.4""; ""ENST00000615060.4""; ""ENST00000309268.10""; ""ENST00000490569.5""; ""ENST00000331523.6""; ""ENST00000495333.5""; ""ENST00000488500.1""; ""ENST00000356303.6""; ""ENST00000455918.1"")",10,"InGen",191486,191485,"ENSG00000156508.17","EEF1A1",FALSE,5849.24835541692,100,TRUE,0.144765199699136,8.89662191752724,5.95390905601533,7.05302673493714e-09,0.000419205107623071,7.24415529487135,"HIPPO","jxn"
"chr7:116916123-116917726(+)1",TRUE,TRUE,TRUE,"ENSG00000198898.12","ENSG00000198898","CAPZA2","+","c(""ENST00000361183.7""; ""ENST00000426421.5""; ""ENST00000496161.1"")",3,"InGen",222455,222456,"ENSG00000198898.12","CAPZA2",FALSE,345.348527873887,100,TRUE,0.103972685669205,4.94491901677121,4.49635201537853,9.76374312278248e-06,0.0630782379341657,2.68278540278673,"HIPPO","jxn"
"chr7:26196482-26196556(-)1",TRUE,TRUE,TRUE,"ENSG00000122566.20","ENSG00000122566","HNRNPA2B1","-","c(""ENST00000354667.8""; ""ENST00000360787.8""; ""ENST00000463181.5""; ""ENST00000356674.7""; ""ENST00000490912.5""; ""ENST00000495810.1"")",6,"InGen",206810,206809,"ENSG00000122566.20","HNRNPA2B1",FALSE,619.042487721867,100,TRUE,-0.130696934001494,5.61596512572922,-4.61815631528369,5.67072422570736e-06,0.0480514728054954,2.98860466452828,"HIPPO","jxn"
"chr7:123706827-123709088(-)1",TRUE,TRUE,TRUE,"ENSG00000106299.7","ENSG00000106299","WASL","-","ENST00000223023.4",1,"InGen",223288,223287,"ENSG00000106299.7","WASL",FALSE,108.136789155876,100,TRUE,0.171260368160923,3.63515356742743,4.5834082715231,6.62932820410898e-06,0.0480514728054954,3.37175364424077,"HIPPO","jxn"
"chr8:30063914-30065987(-)1",TRUE,TRUE,TRUE,"ENSG00000133872.13","ENSG00000133872","SARAF","-","c(""ENST00000256255.10""; ""ENST00000545648.2""; ""ENST00000518174.5""; ""ENST00000520303.5""; ""ENST00000523127.5"")",5,"InGen",235540,235539,"ENSG00000133872.13","SARAF",FALSE,936.705703223487,100,TRUE,0.0710421205261141,6.38945851003605,4.37398783296503,1.66570622865048e-05,0.0848880393635745,1.62956257380109,"HIPPO","jxn"
"chr9:9389414-9442109(+)1",FALSE,FALSE,FALSE,NA,NA,NA,NA,"character(0)",0,"Novel",NA,NA,NA,NA,FALSE,10788.4934563833,100,TRUE,0.789516227541745,9.59595343725488,10.7210633838497,4.90453175618112e-23,1.45753365183366e-17,37.1846482938426,"HIPPO","jxn"
"chrM:1106-1223(+)1",FALSE,FALSE,FALSE,NA,NA,NA,NA,"character(0)",0,"Novel",NA,NA,NA,NA,FALSE,134.394520242162,100,TRUE,1.89370361871698,-4.09271439141575,4.85432906161743,1.91373388144812e-06,0.0247271890705493,2.61852710835514,"HIPPO","jxn"
"chrM:1895-1922(+)1",FALSE,FALSE,FALSE,NA,NA,NA,NA,"character(0)",0,"Novel",NA,NA,NA,NA,FALSE,2797.49276955625,100,TRUE,-4.14093357332119,-1.44488407260456,-4.87971450447143,1.69851379743763e-06,0.0232453892765762,3.7821261953131,"HIPPO","jxn"
"chrM:1923-2224(+)1",FALSE,FALSE,FALSE,NA,NA,NA,NA,"character(0)",0,"Novel",NA,NA,NA,NA,FALSE,3381.70730467498,100,TRUE,1.65501005566689,6.77526898053994,5.50447509558609,7.74391112187959e-08,0.00277046057928638,5.58496555646782,"HIPPO","jxn"
"chrM:2176-2224(+)1",FALSE,FALSE,FALSE,NA,NA,NA,NA,"character(0)",0,"Novel",NA,NA,NA,NA,FALSE,16724.9266131149,100,TRUE,0.182116579278782,11.7120826727741,4.48631196540657,1.02057040581202e-05,0.0645306667594939,-3.91480013449961,"HIPPO","jxn"
"chrM:2214-2257(+)1",FALSE,FALSE,FALSE,NA,NA,NA,NA,"character(0)",0,"Novel",NA,NA,NA,NA,FALSE,3442.01118764196,100,TRUE,-1.5276942335019,6.95700460923097,-6.22018833004346,1.59665083615193e-09,0.000118623573034617,8.8999963188317,"HIPPO","jxn"
"chrM:2514-2761(+)1",FALSE,FALSE,FALSE,NA,NA,NA,NA,"character(0)",0,"Novel",NA,NA,NA,NA,FALSE,4732.40204287532,100,TRUE,4.43734757560216,5.98524994107294,10.608045867357,1.19498714395801e-22,1.77563737214292e-17,37.5557408680331,"HIPPO","jxn"
"chrM:2579-2761(+)1",FALSE,FALSE,FALSE,NA,NA,NA,NA,"character(0)",0,"Novel",NA,NA,NA,NA,FALSE,6053.33553135521,100,TRUE,1.41424132879483,8.04210032241193,5.87792473523236,1.06811787514021e-08,0.000529040563753406,5.73094314813333,"HIPPO","jxn"
"chrM:2762-2915(+)1",FALSE,FALSE,FALSE,NA,NA,NA,NA,"character(0)",0,"Novel",NA,NA,NA,NA,FALSE,2724.39795178151,100,TRUE,-1.64107454336471,5.23168230617464,-5.76459394482121,1.96887833752496e-08,0.000835876047462865,6.89838014739541,"HIPPO","jxn"
"chrM:3025-3106(+)1",FALSE,FALSE,FALSE,NA,NA,NA,NA,"character(0)",0,"Novel",NA,NA,NA,NA,FALSE,409.021932537333,100,TRUE,-4.36851920339895,0.0989907851284955,-4.95600619317669,1.18324918024744e-06,0.0195355097019508,4.90334023644298,"HIPPO","jxn"
"chrX:78750793-78751209(+)1",TRUE,TRUE,TRUE,"ENSG00000147145.12","ENSG00000147145","LPAR4","+","c(""ENST00000610214.5""; ""ENST00000614823.4""; ""ENST00000607964.1"")",3,"InGen",560305,560306,"ENSG00000147145.12","LPAR4",FALSE,1.0293430493955,100,TRUE,-0.707611241284308,-3.07026679402635,-4.36887904148448,1.7028344800938e-05,0.0848880393635745,0.957276534909299,"HIPPO","jxn"
"chrY:20521301-20524267(-)1",FALSE,FALSE,FALSE,NA,NA,NA,NA,"character(0)",0,"Novel",NA,NA,NA,NA,FALSE,1.90680297592803,100,TRUE,-0.593207678405803,-2.88547899887023,-4.53664112281123,8.16805084316869e-06,0.053941989280527,1.6068522576928,"HIPPO","jxn"
"chr18:31591967-31592891(+)1",FALSE,FALSE,FALSE,NA,NA,NA,NA,"character(0)",0,"Novel",NA,NA,NA,NA,FALSE,27.5523212647623,100,TRUE,1.06003668768749,-2.90271082603311,4.76213168252395,2.93942345329037e-06,0.0349416320508914,4.04052050489912,"HIPPO","jxn"
"chrM:2217-2377(+)1",FALSE,FALSE,FALSE,NA,NA,NA,NA,"character(0)",0,"Novel",NA,NA,NA,NA,FALSE,482.147384595138,100,TRUE,4.14671213251146,-1.18728957455753,5.23073802256192,3.10453198402136e-07,0.00768839932952875,6.38751654379321,"HIPPO","jxn"
"chrM:2341-2770(+)1",FALSE,FALSE,FALSE,NA,NA,NA,NA,"character(0)",0,"Novel",NA,NA,NA,NA,FALSE,112.707160172717,100,TRUE,1.18610009903996,-4.46485538502996,4.77406693792005,2.78159446076555e-06,0.0344432093101986,2.46542676697712,"HIPPO","jxn"
"chrM:2929-3126(+)1",FALSE,FALSE,FALSE,NA,NA,NA,NA,"character(0)",0,"Novel",NA,NA,NA,NA,FALSE,56.4947187979437,100,TRUE,0.673027307183153,-4.66050471196771,4.46233861496441,1.13399977204922e-05,0.0685048112178506,1.65980388685982,"HIPPO","jxn"
